公司简称,行业大类公司排名
兴盛优选,TOP50
安克创新,TOP50
T3出行,TOP50
自如,TOP50
哈出行,TOP50
苏宁易购,TOP50
国联股份,TOP50
唯品会,TOP50
空中云汇,TOP50
汇通达,TOP50
wifi万能钥匙,TOP50
曹操出行,TOP50
VIPKID,TOP50
平安好医生,TOP50
同程艺龙,TOP50
途虎养车,TOP50
医联,TOP50
锅圈,TOP50
转转集团,TOP50
能链集团,TOP50
叮咚买菜,TOP50
国美零售,TOP50
大搜车,TOP50
谊品生鲜,TOP50
前程无忧,TOP50
妙手医生,TOP50
达达,TOP50
七乐康,TOP50
首汽租车,TOP50
Patpat,TOP50
饿了么,TOP50
小红书,TOP50
新浪,TOP50
携程,TOP50
搜狐,TOP50
雀巢,TOP50
百威英博,TOP50
可口可乐,TOP50
雅诗兰黛,TOP50
耐克,TOP50
卡夫亨氏,TOP50
路易威登,TOP50
阿迪达斯,TOP50
无印良品,TOP50
强生,TOP50
达能,TOP50
中粮,TOP50
汉高,TOP50
立白,TOP50
索迪斯,TOP50
历峰集团,TOP50
百胜集团,TOP50
嘉士伯,TOP50
H&M,TOP50
周生生,TOP50
中国烟草,TOP50
资生堂,TOP50
百事可乐,TOP50
美赞臣,TOP50
高露洁,TOP50
蓝月亮,TOP50
中粮集团,TOP50
欧缇丽,TOP50
金佰利,TOP50
Inditex集团,TOP50
亿滋集团,TOP50
妮维雅,TOP50
利洁时,TOP50
博达克（BDA）,TOP50
久谦咨询,TOP50
和君咨询,TOP50
正略钧策,TOP50
中大咨询,TOP50
北大纵横,TOP50
世纪纵横,TOP50
华夏基石,TOP50
华彩咨询,TOP50
汉哲咨询,TOP50
百思特,TOP50
同心动力,TOP50
睿信咨询,TOP50
洋钱罐借款,TOP50
捷信消费金融,TOP50
马上消费金融,TOP50
招联消费金融,TOP50
中银消费金融,TOP50
东方财富,TOP50
海尔产业金融,TOP50
金融壹账通,TOP50
联易融,TOP50
万得信息技术,TOP50
轻松筹,TOP50
淘宝众筹,TOP50
快钱,TOP50
拉卡拉,TOP50
连连数字科技,TOP50
银联商务,TOP50
富途证券,TOP50
老虎证券,TOP50
百行征信,TOP50
鹏元征信,TOP50
前海征信,TOP50
百信银行,TOP50
网商银行,TOP50
微众银行,TOP50
新网银行,TOP50
慧算账,TOP50
云账房,TOP50
安心保险,TOP50
泰康在线,TOP50
众安保险,TOP50
北京银行,TOP50
江苏银行,TOP50
上海银行,TOP50
浙商银行,TOP50
宁波银行,TOP50
南京银行,TOP50
杭州银行,TOP50
渝农商行,TOP50
沪农商行,TOP50
成都银行,TOP50
长沙银行,TOP50
重庆银行,TOP50
贵阳银行,TOP50
郑州银行,TOP50
青岛银行,TOP50
苏州银行,TOP50
齐鲁银行,TOP50
青农商行,TOP50
兰州银行,TOP50
厦门银行,TOP50
西安银行,TOP50
常熟银行,TOP50
紫金银行,TOP50
无锡银行,TOP50
张家港行,TOP50
苏农银行,TOP50
江阴银行,TOP50
汇丰银行,TOP50
兴业证券,TOP50
光大证券,TOP50
国投资本,TOP50
浙商证券,TOP50
中泰证券,TOP50
长江证券,TOP50
红塔证券,TOP50
方正证券,TOP50
东吴证券,TOP50
长城证券,TOP50
西部证券,TOP50
财通证券,TOP50
国金证券,TOP50
东北证券,TOP50
国海证券,TOP50
东兴证券,TOP50
华西证券,TOP50
湘财股份,TOP50
中原证券,TOP50
国元证券,TOP50
西南证券,TOP50
山西证券,TOP50
天风证券,TOP50
中银证券,TOP50
华创阳安,TOP50
华安证券,TOP50
南京证券,TOP50
第一创业,TOP50
哈投股份,TOP50
财达证券,TOP50
国联证券,TOP50
国盛金控,TOP50
华鑫股份,TOP50
华林证券,TOP50
锦龙股份,TOP50
太平洋,TOP50
上海东方证券,TOP50
平安基金,TOP50
西部利得基金,TOP50
中金基金,TOP50
太平基金,TOP50
金鹰基金,TOP50
鑫源基金,TOP50
摩根士丹利华鑫基金,TOP50
兴银基金,TOP50
汇安基金,TOP50
渤海汇金证券,TOP50
长安基金,TOP50
南华基金,TOP50
泰信基金,TOP50
东海基金,TOP50
天津信托有限责任公司,TOP50
中国民生信托有限公司,TOP50
陕西省国际信托股份有限公司,TOP50
四川信托有限公司,TOP50
国民信托有限公司,TOP50
华鑫国际信托有限公司,TOP50
湖南省财信信托有限责任公司,TOP50
中原信托有限公司,TOP50
华澳国际信托有限公司,TOP50
山西信托股份有限公司,TOP50
云南国际信托有限公司,TOP50
华宝信托有限责任公司,TOP50
中铁信托有限责任公司,TOP50
吉林省信托有限责任公司,TOP50
杭州工商信托股份有限公司,TOP50
中粮信托有限责任公司,TOP50
山东省国际信托股份有限公司,TOP50
新时代信托股份有限公司,TOP50
长安国际信托股份有限公司,TOP50
安徽国元信托有限责任公司,TOP50
上海爱建信托有限责任公司,TOP50
苏州信托有限公司,TOP50
昆仑信托有限责任公司,TOP50
百瑞信托有限责任公司,TOP50
万向信托股份公司,TOP50
国联信托股份有限公司,TOP50
大业信托有限责任公司,TOP50
国通信托有限责任公司,TOP50
中建投信托股份有限公司,TOP50
北方国际信托股份有限公司,TOP50
山东步长制药股份有限公司,TOP50
威高集团有限公司,TOP50
丽珠医药集团股份有限公司,TOP50
杭州默沙东制药有限公司,TOP50
人福医药集团股份公司,TOP50
赛诺菲（中国）投资有限公司,TOP50
华北制药集团有限责任公司,TOP50
新和成控股集团有限公司,TOP50
西安杨森制药有限公司,TOP50
鲁南制药集团股份有限公司,TOP50
石家庄以岭药业股份有限公司,TOP50
江苏豪森药业集团有限公司,TOP50
北京诺华制药有限公司,TOP50
费森尤斯卡比（中国）投资有限公司,TOP50
赛诺菲（杭州）制药有限公司,TOP50
天津市医药集团有限公司,TOP50
长春高新技术产业（集团）股份有限公,TOP50
中国北京同仁堂（集团）有限责任公司,TOP50
深圳市东阳光实业发展有限公司,TOP50
普洛药业股份有限公司,TOP50
天士力控股集团有限公司,TOP50
天津红日药业股份有限公司,TOP50
浙江华海药业股份有限公司,TOP50
山东新华制药股份有限公司,TOP50
云南白药集团股份有限公司,TOP50
浙江海正药业股份有限公司,TOP50
振德医疗用品股份有限公司,TOP50
江苏济川控股集团有限公司,TOP50
太极集团有限公司,TOP50
浙江康恩贝制药股份有限公司,TOP50
威尔药业,TOP50
广济药业,TOP50
奥锐特,TOP50
东亚药业,TOP50
本立科技,TOP50
山河药辅,TOP50
同和药业,TOP50
共同药业,TOP50
奥翔药业,TOP50
森萱医药,TOP50
亨迪药业,TOP50
富士莱,TOP50
拓新药业,TOP50
纳微科技,TOP50
键凯科技,TOP50
河化股份,TOP50
*ST金泰,TOP50
甘李药业,TOP50
沃森生物,TOP50
通化东宝,TOP50
硕世生物,TOP50
明德生物,TOP50
凯普生物,TOP50
博雅生物,TOP50
美康生物,TOP50
北大医药,TOP50
安科生物,TOP50
成大生物,TOP50
之江生物,TOP50
派林生物,TOP50
中关村,TOP50
溢多利,TOP50
奥泰生物,TOP50
诺唯赞,TOP50
华兰疫苗,TOP50
九强生物,TOP50
安旭生物,TOP50
中源协和,TOP50
荣昌生物,TOP50
康华生物,TOP50
科兴制药,TOP50
双鹭药业,TOP50
百克生物,TOP50
凯因科技,TOP50
复旦张江,TOP50
特宝生物,TOP50
金石亚药,TOP50
长江健康,TOP50
仙据制药,TOP50
恩华药业,TOP50
东诚药业,TOP50
辰欣药业,TOP50
天药股份,TOP50
健友股份,TOP50
康弘药业,TOP50
丰原药业,TOP50
京新药业,TOP50
誉衡药业,TOP50
金城医药,TOP50
信立泰,TOP50
常山药业,TOP50
金陵药业,TOP50
海思科,TOP50
天宇股份,TOP50
海翔药业,TOP50
福安药业,TOP50
贝达药业,TOP50
尔康制药,TOP50
一品红,TOP50
圣济堂,TOP50
海南海药,TOP50
华特达因,TOP50
司太立,TOP50
千红制药,TOP50
汇宇制药-W,TOP50
联环药业,TOP50
九典制药,TOP50
九芝堂,TOP50
千金药业,TOP50
康缘药业,TOP50
马应龙,TOP50
益佰制药,TOP50
健民集团,TOP50
中恒集团,TOP50
贵州百灵,TOP50
香雪制药,TOP50
江中药业,TOP50
亚宝药业,TOP50
羚锐制药,TOP50
众生药业,TOP50
康跃科技,TOP50
西藏药业,TOP50
万邦德,TOP50
奇正藏药,TOP50
桂林三金,TOP50
太龙药业,TOP50
方盛制药,TOP50
佐力药业,TOP50
精华制药,TOP50
葫芦娃,TOP50
上海凯宝,TOP50
莱茵生物,TOP50
新天药业,TOP50
华神科技,TOP50
沃华医药,TOP50
贵州三力,TOP50
汉森制药,TOP50
健之佳,TOP50
浙江震元,TOP50
药易购,TOP50
塞力医疗,TOP50
达嘉维康,TOP50
第一医药,TOP50
合富中国,TOP50
开开实业,TOP50
迈克生物,TOP50
楚天科技,TOP50
万孚生物,TOP50
热景生物,TOP50
康德莱,TOP50
圣湘生物,TOP50
南微医学,TOP50
美亚光电,TOP50
东软医疗,TOP50
启明医疗,TOP50
振德医疗,TOP50
三诺生物,TOP50
凯利泰,TOP50
奥美医疗,TOP50
大博医疗,TOP50
和佳股份,TOP50
尚荣医疗,TOP50
我武生物,TOP50
欧普康视,TOP50
开立医疗,TOP50
基蛋生物,TOP50
理邦仪器,TOP50
万东医疗,TOP50
康泰医学,TOP50
先健科技,TOP50
完美世界,TOP50
华数传媒,TOP50
时代出版,TOP50
南方传媒,TOP50
江苏有线,TOP50
佳云科技,TOP50
中国出版,TOP50
长江传媒,TOP50
智度股份,TOP50
中国电影,TOP50
引力传媒,TOP50
昆仑万维,TOP50
吉比特,TOP50
新国脉,TOP50
天下秀,TOP50
思美传媒,TOP50
电广传媒,TOP50
神州泰岳,TOP50
天地在线,TOP50
姚记科技,TOP50
华策影视,TOP50
捷成股份,TOP50
广弘控股,TOP50
三人行,TOP50
游族网络,TOP50
浙数文化,TOP50
广电网络,TOP50
风语筑,TOP50
出版传媒,TOP50
电声股份,TOP50
Disney迪士尼,TOP50
嘉映影业,TOP50
寰宇Universe,TOP50
完美世界影视,TOP50
世纪伙伴,TOP50
英皇电影,TOP50
长影,TOP50
峨眉电影,TOP50
山影,TOP50
快乐阳光,TOP50
腾讯影业,TOP50
数字王国DDHL,TOP50
Universal不球影业,TOP50
儒意影业,TOP50
蓝天下传媒,TOP50
bilibili,TOP50
万合天宜,TOP50
时光坐标,TOP50
横店影视,TOP50
EuropaCorp欧罗巴,TOP50
西影,TOP50
和和影业,TOP50
星光文化STARLIGHT,TOP50
TIMEWARNER时代华纳,TOP50
利群影视,TOP50
DreamWorks梦工厂,TOP50
华视影视传媒,TOP50
猫眼电影,TOP50
红点影视HDVFX,TOP50
字节跳动,TOP50
畅游,TOP50
紫龙游戏,TOP50
心动网络,TOP50
掌趣科技,TOP50
阿里互娱,TOP50
玩友时代,TOP50
英雄互娱,TOP50
蜗牛游戏,TOP50
卓越游戏,TOP50
北京龙图游戏,TOP50
白兔视频,TOP50
如光文化,TOP50
构美,TOP50
初新文化,TOP50
缇苏,TOP50
橘曜文化,TOP50
碎星文化,TOP50
畅玩文化,TOP50
如涵文化,TOP50
娱加娱乐,TOP50
侵尘文化,TOP50
聚匠星辰,TOP50
纯初文化,TOP50
彦祖文化,TOP50
纳斯,TOP50
必客传媒,TOP50
唤火互娱,TOP50
摘星阁文化,TOP50
英雄体育VSPN+,TOP50
橄榄视频,TOP50
仙梓文化,TOP50
大眼互娱,TOP50
鸟栖文化,TOP50
炫步科技,TOP50
炫石互娱,TOP50
乐昂网络,TOP50
蚊子会,TOP50
兰研文化,TOP50
歪研会,TOP50
华星酷娱,TOP50
W+K,TOP50
Droga5,TOP50
LeagasDelaney,TOP50
天与空,TOP50
Mad Monkey,TOP50
胜加,TOP50
有门互动,TOP50
凯旋先驱,TOP50
电通公关,TOP50
海唐公关,TOP50
中青旅联科,TOP50
福莱希乐,TOP50
君信品牌管理,TOP50
海天网联,TOP50
尚诚同力,TOP50
众引传播,TOP50
众为国际传播,TOP50
朗知传媒,TOP50
中青博联,TOP50
嘉利智联,TOP50
灵思云途,TOP50
宗源营销,TOP50
安可公关,TOP50
科闻100,TOP50
鱼得水,TOP50
索象传播,TOP50
扬思公关,TOP50
博然思维,TOP50
TrailRunner Intl,TOP50
Switching Time,TOP50
无限公关,TOP50
派合传播,TOP50
嘉盈传播,TOP50
Advendi公关,TOP50
九天鹤鸣,TOP50
森博营销,TOP50
新盟国际,TOP50
长江中文网,TOP50
榕树下,TOP50
百度书城,TOP50
小说阅读网,TOP50
四月天,TOP50
汤圆创作,TOP50
红薯中文网,TOP50
多看阅读,TOP50
优制娱乐,TOP50
实力文化,TOP50
北文传媒,TOP50
千足文化,TOP50
丝芭传媒,TOP50
慈文传媒,TOP50
荣信达,TOP50
盛夏星空,TOP50
悦凯娱乐,TOP50
东申未来,TOP50
普林赛斯,TOP50
萌扬文化,TOP50
TVB,TOP50
耀客传媒,TOP50
龙韬娱乐,TOP50
博众星和,TOP50
易星传媒,TOP50
浩瀚星缘,TOP50
时代峰峻,TOP50
飞宝传媒,TOP50
微峰娱乐,TOP50
黑金经纪,TOP50
童乐影视,TOP50
鑫宝源影视,TOP50
果然天空,TOP50
骋亚影视,TOP50
萌样影视,TOP50
乾澄影视,TOP50
大隐光时,TOP50
斯年影视,TOP50
仁仁文化,TOP50
领誉传媒,TOP50
工夫真言,TOP50
一直播,TOP50
VV直播,TOP50
Up直播,TOP50
企鹅电竞,TOP50
疯播直播,TOP50
热猫直播,TOP50
九秀直播,TOP50
秀色直播,TOP50
淘宝直播,TOP50
酷狗直播,TOP50
CC直播,TOP50
火星直播,TOP50
乐嗨直播,TOP50
羚萌直播,TOP50
迷人直播,TOP50
章鱼直播,TOP50
龙珠直播,TOP50
咪咕直播,TOP50
奇秀,TOP50
火猫直播,TOP50
小米直播,TOP50
狮吼直播,TOP50
战旗直播,TOP50
来疯直播,TOP50
花样直播,TOP50
视吧,TOP50
LOOK直播,TOP50
猫播直播,TOP50
战鲨直播,TOP50
沪江,TOP50
煌上煌,TOP50
太二酸菜鱼,TOP50
木屋烧烤,TOP50
1黏贴,TOP50
杨国福麻辣烫,TOP50
陶陶居,TOP50
紫燕百味鸡,TOP50
CoCo都可,TOP50
味千拉面,TOP50
全聚德,TOP50
文和友,TOP50
半天妖烤鱼,TOP50
尊宝比萨,TOP50
九毛九,TOP50
茶颜悦色,TOP50
同庆楼,TOP50
真功夫,TOP50
和府捞面,TOP50
德庄火锅,TOP50
巴比馒头,TOP50
大龙猴火锅,TOP50
喜家德虾仁水饺,TOP50
绿茶餐厅,TOP50
书亦烧仙草,TOP50
徐记海鲜,TOP50
蛙来哒,TOP50
三顾冒菜,TOP50
探鱼,TOP50
阿香米线,TOP50
捞王锅物料理,TOP50
融信集团,TOP50
龙光集团有限公司,TOP50
金科地产集团股份有限公司,TOP50
奥园集团有限公司,TOP50
绿城中国控股有限公司,TOP50
绿地控股集团股份有限公司,TOP50
佳兆业集团控股有限公司,TOP50
祥生实业集团有限公司,TOP50
雅居乐集团控股有限公司,TOP50
美的置业集团有限公司,TOP50
大连万达商业管理集团股份有限公司,TOP50
远洋集团控股有限公司,TOP50
时代中国控股有限公司,TOP50
中国铁建房地产集团有限公司,TOP50
路劲地产集团有限公司,TOP50
建发房地产集团有限公司,TOP50
金辉集团股份有限公司,TOP50
宝龙地产控股有限公司,TOP50
禹洲集团,TOP50
合景泰富集团控股有限公司,TOP50
中骏集团控股有限公司,TOP50
越秀地产股份有限公司,TOP50
卓越置业集团有限公司,TOP50
四川蓝光发展股份有限公司,TOP50
佳源创盛控股集团有限公司,TOP50
红星地产,TOP50
弘阳地产集团有限公司,TOP50
俊发集团有限公司,TOP50
四川新希望房地产开发有限公司,TOP50
仁恒置地有限公司,TOP50
汉宇地产,TOP50
优居,TOP50
金丰易居,TOP50
中房信息,TOP50
玛雅房屋,TOP50
房博士,TOP50
好屋HAOWU,TOP50
彩虹租房Caihome,TOP50
房掌柜,TOP50
幸福家,TOP50
0551房产,TOP50
象盒XHJ,TOP50
万国置地,TOP50
乐醒月付,TOP50
无忧我房,TOP50
办办网,TOP50
房邦,TOP50
德威不动产,TOP50
菁英地产,TOP50
中天置地,TOP50
住商不动产,TOP50
志远地产,TOP50
无忧海外,TOP50
mamahome,TOP50
南房置换,TOP50
鑫尊地产GEland,TOP50
臣信集团,TOP50
永庆房屋,TOP50
嗨住租房,TOP50
斯维登,TOP50
新大正,TOP50
南都物业,TOP50
卓越商企服务,TOP50
金融街物业FSPM,TOP50
诚信行H&C,TOP50
佳兆业美好,TOP50
奥园,TOP50
旭辉永升服务,TOP50
恒大物业,TOP50
玉禾田,TOP50
SDBS,TOP50
圆方物业,TOP50
驿达EXPRESSWAYDEVELOP,TOP50
珠江城市服务,TOP50
阳光恒昌,TOP50
德信盛全服务,TOP50
智善生活,TOP50
建业物业,TOP50
彩生活,TOP50
绿升服务,TOP50
兴业物联,TOP50
鑫苑服务,TOP50
朗诗地产landsea,TOP50
阳光智博服务,TOP50
纳什空间,TOP50
海航物业,TOP50
亚太酒店物业APHP,TOP50
高地GOLTE,TOP50
上海中心ShanghaiTower,TOP50
开元物业,TOP50
pidan,TOP50
宠安安,TOP50
DOGCARE,TOP50
高爷家,TOP50
有陪猫宠,TOP50
毛星球FurFur Land,TOP50
繁荣集市,TOP50
再三,TOP50
俏贝丽petclear,TOP50
阿飞和巴弟,TOP50
逗号智宠iKuddle,TOP50
宠知道,TOP50
PETISM它主义,TOP50
小暖医生,TOP50
BRIGHT布兰德,TOP50
魔核MAGICORE,TOP50
它赞,TOP50
萌宠出动,TOP50
栖遁宠物,TOP50
知宠百科,TOP50
小猫来了,TOP50
宠步+,TOP50
中科益生,TOP50
宠加,TOP50
斯奈克宠物,TOP50
Catlink,TOP50
朗诺爱宠,TOP50
毛绒派,TOP50
宠娘Petlady,TOP50
得宠社,TOP50
东旭蓝天,TOP50
中再资环,TOP50
侨银股份,TOP50
维尔利,TOP50
旺能环境,TOP50
蒙草生态,TOP50
东珠生态,TOP50
节能铁汉,TOP50
博世科,TOP50
圣元环保,TOP50
隆华科技,TOP50
军信股份,TOP50
万邦达,TOP50
中持股份,TOP50
中建环能,TOP50
迪森股份,TOP50
中环环保,TOP50
三达膜,TOP50
*ST博天,TOP50
中创环保,TOP50
正和生态,TOP50
中环装备,TOP50
建工修复,TOP50
万德斯,TOP50
达刚控股,TOP50
永清环保,TOP50
通源环境,TOP50
华控赛格,TOP50
同兴环保,TOP50
海峡环保,TOP50
起亚,TOP50
沃尔沃,TOP50
雷诺,TOP50
江淮汽车,TOP50
标致,TOP50
一汽丰田,TOP50
瑞驰新能源,TOP50
东风汽车,TOP50
江铃汽车,TOP50
爱驰汽车,TOP50
四川川大智胜软件股份有限公司,TOP50
北京七维视觉科技有限公司,TOP50
深圳市中视典数字科技有限公司,TOP50
南京睿悦信息技术有限公司,TOP50
北京兰亭数字科技有限公司,TOP50
小派科技有限责任公司,TOP50
上海曼恒数字技术股份有限公司,TOP50
泰豪创意科技集团股份有限公司,TOP50
亮风台信息科技有限公司,TOP50
奥本未来科技有限责任公司,TOP50
北京亮亮视野科技有限公司,TOP50
北京凌宇智控科技有限公司,TOP50
北京易智时代数字科技有限公司,TOP50
江西科骏实业有限公司,TOP50
杭州易现先进科技有限公司,TOP50
北京朗迪锋科技有限公司,TOP50
深圳市圆周率软件科技有限责任公司,TOP50
苏州美房云客软件科技股份有限公司,TOP50
北京触角科技有限公司,TOP50
北京赛四达科技股份有限公司,TOP50
贝壳找房科技有限公司,TOP50
北京微视威信息科技有限公司,TOP50
北京视博云科技有限公司,TOP50
深圳市虚拟现实技术有限公司,TOP50
上海诠视传感技术有限公司,TOP50
秦皇岛视翼科技有限公司,TOP50
当家移动绿色互联网技术集团有限公司,TOP50
合肥视涯显示科技有限公司,TOP50
深圳市科创数字显示技术有限公司,TOP50
红色地标文化科技有限公司,TOP50
清微智能,TOP50
荣湃半导体,TOP50
F铭微电子,TOP50
深聪智能,TOP50
深迪半导体,TOP50
时识科技,TOP50
泰砂微,TOP50
万协通,TOP50
微鹅科技,TOP50
曦华科技,TOP50
犀灵视觉,TOP50
曦智科技,TOP50
芯驰科技,TOP50
芯来科技,TOP50
芯密科技,TOP50
芯启源,TOP50
星逻智能,TOP50
星云智联,TOP50
星思半导体,TOP50
亚格盛,TOP50
奕斯伟,TOP50
益思芯科技,TOP50
涌现芯片,TOP50
优地科技,TOP50
元橡科技,TOP50
禹创半导体,TOP50
瞻芯电子,TOP50
知存科技,TOP50
智融科技,TOP50
中欣晶圆,TOP50
嘉楠耘智,TOP50
景嘉微,TOP50
云天励飞,TOP50
富瀚微电子,TOP50
华夏芯,TOP50
兆易创新,TOP50
比亚迪半导体,TOP50
翱捷科技,TOP50
爱芯元智,TOP50
灵汐科技,TOP50
启英泰伦,TOP50
安路科技,TOP50
熠知电子,TOP50
鲲云科技,TOP50
比特大陆,TOP50
大华股份,TOP50
零边界,TOP50
深思考人工智能,TOP50
异构智能,TOP50
深维科技,TOP50
欣博电子,TOP50
人人智能,TOP50
出门问问,TOP50
肇观电子必,TOP50
探境科技,TOP50
安霸半导体,TOP50
深思创芯,TOP50
在行一点,TOP50
豆瓣时间,TOP50
馒头商学院,TOP50
鹅学习,TOP50
890新商学,TOP50
长投学堂,TOP50
三节课,TOP50
真知灼见,TOP50
早晚读书,TOP50
沙丘学堂,TOP50
科大讯飞,TOP50
多点Dmal1,TOP50
东华软件,TOP50
海康智联,TOP50
中科曙光,TOP50
钉钉,TOP50
商汤科技,TOP50
航天信息,TOP50
亚信科技,TOP50
旷视科技,TOP50
日海智能,TOP50
广联达,TOP50
微医,TOP50
随锐科技,TOP50
华胜天成,TOP50
远光软件,TOP50
京东方,TOP50
致远互联,TOP50
蘑菇车联,TOP50
四维图新,TOP50
浙大网新,TOP50
烽火通信,TOP50
英飞拓,TOP50
盈趣科技,TOP50
隆平高科,TOP50
保利威,TOP50
朗坤智慧,TOP50
云从科技,TOP50
北明软件,TOP50
涂鸦智能,TOP50
课观教育,TOP50
高途在线（跟谁学）,TOP50
嗨学网,TOP50
荔枝微课,TOP50
粉笔网,TOP50
沪江网校,TOP50
UMU,TOP50
51CTO,TOP50
职问,TOP50
环球网校,TOP50
潭州教育,TOP50
中公网校,TOP50
一只船教育,TOP50
聚师网,TOP50
云学堂,TOP50
学乐云教学,TOP50
校宝在线,TOP50
晓羊教育,TOP50
伴鱼,TOP50
阿卡索,TOP50
龙之门教育,TOP50
精准学,TOP50
极课大数据,TOP50
华渔教育,TOP50
恒企教育,TOP50
对啊网,TOP50
达内教育,TOP50
彼岸教育,TOP50
百家云,TOP50
威胜信息,TOP50
凯乐科技,TOP50
仕佳光子-U,TOP50
天孚通信,TOP50
武汉凡谷,TOP50
鹏博士,TOP50
杰赛科技,TOP50
二六三,TOP50
共进股份,TOP50
大富科技,TOP50
东软载波,TOP50
华测导航,TOP50
特发信息,TOP50
移为通信,TOP50
深桑达A,TOP50
国脉科技,TOP50
高新兴,TOP50
会畅通讯,TOP50
高鸿股份,TOP50
盛路通信,TOP50
南京熊猫,TOP50
鼎信通讯,TOP50
通宇通讯,TOP50
金信诺,TOP50
润建股份,TOP50
博创科技,TOP50
永鼎股份,TOP50
立昂技术,TOP50
通鼎互联,TOP50
优博讯,TOP50
阿里巴巴,TOP20
美团点评,TOP20
京东,TOP20
拼多多,TOP20
小米集团,TOP20
SHEIN,TOP20
快手,TOP20
滴滴,TOP20
京东健康,TOP20
贝壳找房,TOP20
小红书,TOP20
猿辅导,TOP20
携程,TOP20
BOSS直聘,TOP20
阿里健康,TOP20
作业帮,TOP20
车好多,TOP20
猎聘,TOP20
美菜,TOP20
微医,TOP20
腾讯,TOP20
字节跳动,TOP20
网易,TOP20
百度,TOP20
高德打车,TOP20
斑马快跑,TOP20
首汽约车,TOP20
神州专车,TOP20
嘀嗒出行,TOP20
易到用车,TOP20
携程出行,TOP20
享道出行,TOP20
万顺叫车,TOP20
宝洁,TOP20
联合利华,TOP20
玛氏,TOP20
欧莱雅,TOP20
麦肯锡,TOP20
波士顿咨询（BCG),TOP20
贝恩咨询,TOP20
埃森哲,TOP20
科尔尼,TOP20
奥纬咨询（Oliver Wyman）,TOP20
罗兰贝格（RB）,TOP20
欧晰析咨询（OC&C）,TOP20
德勤摩立特,TOP20
普华永道思略特（Strategy&）,TOP20
安永帕特侬（博智隆）,TOP20
致胜咨询,TOP20
艾意凯咨询（L.E.K.）,TOP20
360金融,TOP20
度小满金融,TOP20
京东数字科技集团,TOP20
陆金所,TOP20
蚂蚁金服,TOP20
苏宁金融,TOP20
腾讯金融科技,TOP20
小米金融,TOP20
宜信,TOP20
友信金服,TOP20
徽常有财,TOP20
江苏银行直销银行,TOP20
民生银行直销银行,TOP20
兴业银行直销银行,TOP20
乐信,TOP20
岩心科技,TOP20
大数金融,TOP20
海尔云贷,TOP20
趣店,TOP20
信也科技,TOP20
工商银行,TOP20
建设银行,TOP20
农业银行,TOP20
中国银行,TOP20
邮政储蓄银行,TOP20
交通银行,TOP20
招商银行,TOP20
兴业银行,TOP20
浦发银行,TOP20
中信银行,TOP20
民生银行,TOP20
光大银行,TOP20
平安银行,TOP20
华夏银行,TOP20
中信证券,TOP20
海通证券,TOP20
国泰君安,TOP20
华泰证券,TOP20
广发证券,TOP20
申万宏源,TOP20
中国银河,TOP20
中金公司,TOP20
招商证券,TOP20
东方证券,TOP20
中信建设,TOP20
国信证券,TOP20
中国人寿,TOP20
中国平安,TOP20
中国太保,TOP20
华夏人寿,TOP20
太平人寿,TOP20
新华保险,TOP20
泰康人寿,TOP20
中国人保,TOP20
天安人寿,TOP20
中邮人寿,TOP20
前海人寿,TOP20
富德生命,TOP20
易方达基金,TOP20
广发基金,TOP20
华夏基金,TOP20
汇添富基金,TOP20
富国基金,TOP20
南方基金,TOP20
招商基金,TOP20
博时基金,TOP20
嘉实基金,TOP20
工银瑞信基金,TOP20
中欧基金,TOP20
鹏华基金,TOP20
交银施罗德基金,TOP20
华安基金,TOP20
景顺长城基金,TOP20
兴证全球基金,TOP20
中银基金,TOP20
国泰基金,TOP20
银华基金,TOP20
天弘基金,TOP20
中信信托,TOP20
平安信托,TOP20
五矿国际信托,TOP20
上海国际信托,TOP20
中航信托,TOP20
中融国际信托,TOP20
交银国际信托,TOP20
建信信托,TOP20
华润深国信托,TOP20
江苏省国际信托,TOP20
陆家嘴国际信托,TOP20
广东粤财信托,TOP20
华能贵诚信托,TOP20
华融国际信托,TOP20
英大国际信托,TOP20
厦门国际信托,TOP20
国投泰康信托,TOP20
北京国际信托有限公司,TOP20
中诚信托有限责任公司,TOP20
紫金信托有限责任公司,TOP20
中国医药集团有限公司,TOP20
扬子江药业集团有限公司,TOP20
广州医药集团有限公司,TOP20
江苏恒瑞医药股份有限公司,TOP20
华润医药控股有限公司,TOP20
修正药业集团股份有限公司,TOP20
上海复星医药（集团）股份有限公,TOP20
上海医药（集团）有限公司,TOP20
齐鲁制药集团有限公司,TOP20
石药控股集团有限公司,TOP20
江西济民可信集团有限公司,TOP20
中国远大集团有限责任公司,TOP20
拜耳医药保健有限公司,TOP20
阿斯利康制药有限公司,TOP20
正大天晴药业集团股份有限公司,TOP20
辉瑞制药有限公司,TOP20
四川科伦药业股份有限公司,TOP20
诺和诺德（中国）制药有限公司,TOP20
上海罗氏制药有限公司,TOP20
珠海联邦制药股份有限公司,TOP20
新和成,TOP20
ST冠福,TOP20
海正药业,TOP20
浙江医药,TOP20
普洛药业,TOP20
新华制药,TOP20
海普瑞,TOP20
国邦医药,TOP20
天宇股份,TOP20
海翔药业,TOP20
尔康制药,TOP20
司太立,TOP20
溢多利,TOP20
永安药业,TOP20
新诺威,TOP20
富祥药业,TOP20
美诺华,TOP20
赛托生物,TOP20
花园生物,TOP20
博瑞医药,TOP20
复星医药,TOP20
智飞生物,TOP20
长春高新,TOP20
东方生物,TOP20
达安基因,TOP20
百济神州-U,TOP20
华大基因,TOP20
万泰生物,TOP20
圣湘生物,TOP20
华兰生物,TOP20
亿帆医药,TOP20
康希诺,TOP20
上海莱士,TOP20
*ST科华,TOP20
天坛生物,TOP20
君实生物-U,TOP20
迈克生物,TOP20
安图生物,TOP20
康泰生物,TOP20
恒瑞医药,TOP20
人福医药,TOP20
科伦药业,TOP20
健康元,TOP20
国药现代,TOP20
哈药股份,TOP20
丽珠集团,TOP20
华北制药,TOP20
华润双鹤,TOP20
东北制药,TOP20
华海药业,TOP20
罗欣药业,TOP20
悦康药业,TOP20
鲁抗医药,TOP20
白云山,TOP20
云南白药,TOP20
步长制药,TOP20
华润三九,TOP20
同仁堂,TOP20
太极集团,TOP20
以岭药业,TOP20
昆药集团,TOP20
片仔痰,TOP20
天士力,TOP20
红日药业,TOP20
济川药业,TOP20
中新药业,TOP20
信邦制药,TOP20
康恩贝,TOP20
仁和药业,TOP20
葵花药业,TOP20
*ST康美,TOP20
珍宝岛,TOP20
东阿阿胶,TOP20
上海医药,TOP20
九州通,TOP20
国药一致,TOP20
重药控股,TOP20
国药股份,TOP20
南京医药,TOP20
海王生物,TOP20
中国医药,TOP20
英特集团,TOP20
嘉事堂,TOP20
瑞康医药,TOP20
鹭燕医药,TOP20
柳药股份,TOP20
大参林,TOP20
老百姓,TOP20
益丰药房,TOP20
一心堂,TOP20
人民同泰,TOP20
百洋医药,TOP20
漱玉平民,TOP20
联影医疗,TOP20
迈瑞医疗,TOP20
英科医疗,TOP20
威高股份,TOP20
新华医疗,TOP20
鱼跃医疗,TOP20
乐普医疗,TOP20
迪安诊断,TOP20
蓝帆医疗,TOP20
微创医疗,TOP20
京东方,TOP20
健帆生物,TOP20
科华生物,TOP20
润达医疗,TOP20
山东药玻,TOP20
美年健康,TOP20
爱尔眼科,TOP20
恒康医疗,TOP20
爱康国宾,TOP20
华润凤凰,TOP20
通策医疗,TOP20
创新医疗,TOP20
和美医疗,TOP20
蓝色光标,TOP20
利欧股份,TOP20
三七互娱,TOP20
芒果超媒,TOP20
分众传媒,TOP20
浙文互联,TOP20
世纪华通,TOP20
华扬联众,TOP20
省广集团,TOP20
凤凰传媒,TOP20
万达电影,TOP20
浙版传媒,TOP20
中南传媒,TOP20
山东出版,TOP20
中文传媒,TOP20
天龙集团,TOP20
新华文轩,TOP20
皖新传媒,TOP20
中原传媒,TOP20
东方明珠,TOP20
腾讯微视,TOP20
梨视频,TOP20
西瓜视频,TOP20
抖音火山版,TOP20
抖音极速版,TOP20
快手极速版,TOP20
好看视频,TOP20
Faceu激萌,TOP20
剪萌,TOP20
美拍,TOP20
随刻,TOP20
土豆,TOP20
秒拍,TOP20
Bilibili（哔哩哔哩）,TOP20
快剪辑,TOP20
人人视频,TOP20
微信视频号,TOP20
全民小视频,TOP20
中影CFGC,TOP20
光线传媒,TOP20
阿里影业,TOP20
上影集团,TOP20
博纳影业BONA,TOP20
万达影业,TOP20
欢喜传媒,TOP20
华谊兄弟,TOP20
安乐EDKO,TOP20
正午阳光,TOP20
华策影视,TOP20
耀莱影视,TOP20
爱奇艺iQlYi,TOP20
柠萌影业,TOP20
慈文传媒,TOP20
剧酷传播,TOP20
登峰国际,TOP20
开心麻花,TOP20
欢瑞世纪,TOP20
北京文化,TOP20
QQ音乐,TOP20
网易云音乐,TOP20
酷狗音乐,TOP20
酷我音乐,TOP20
全民K歌,TOP20
咪咕音乐,TOP20
唱吧,TOP20
波点音乐,TOP20
喜马拉雅FM,TOP20
猫耳FM,TOP20
云听,TOP20
酷我畅听,TOP20
荔枝博客,TOP20
蜻蜓FM,TOP20
懒人畅听,TOP20
企鹅FM,TOP20
奥飞娱乐,TOP20
方特动漫,TOP20
东方梦工厂,TOP20
两点十分动漫,TOP20
绘梦动画,TOP20
玄机科技,TOP20
苏州米粒影视,TOP20
彼岸天,TOP20
北京十月数码,TOP20
江苏原力电脑动画制作有限公司,TOP20
北京若森数字科技,TOP20
重庆视美动画,TOP20
青青树,TOP20
腾讯游戏,TOP20
网易游戏,TOP20
趣加FunPlus,TOP20
完美世界,TOP20
莉莉丝,TOP20
IGG 福州天盟,TOP20
网龙,TOP20
哔哩哔哩,TOP20
游族,TOP20
中手游,TOP20
乐元素,TOP20
叠纸游戏,TOP20
米哈游,TOP20
巨人网络,TOP20
智明星通,TOP20
创梦天地,TOP20
西山居,TOP20
多益网络,TOP20
谦寻,TOP20
美one,TOP20
新片场,TOP20
青藤文化,TOP20
蜂群,TOP20
古麦嘉禾,TOP20
大禹网络,TOP20
无忧传媒,TOP20
Papitube,TOP20
洋葱视频,TOP20
小象大鹅,TOP20
二咖传媒,TOP20
橘子娱乐,TOP20
交个朋友,TOP20
乾派文化,TOP20
哀帆,TOP20
薇龙文化,TOP20
快美BeautyQ,TOP20
印特玛特,TOP20
众灿互动,TOP20
奥美,TOP20
TBWA,TOP20
BBDO,TOP20
李奥贝纳,TOP20
智威汤逊,TOP20
麦肯,TOP20
DDB,TOP20
宏盟集团,TOP20
群邑,TOP20
阳狮,TOP20
上海胜加,TOP20
利欧数字,TOP20
爱德曼,TOP20
BCW（博雅）,TOP20
际恒,TOP20
罗德公关,TOP20
迪思传媒,TOP20
明思力,TOP20
万博宣伟,TOP20
伟达,TOP20
时空视点,TOP20
环球公关,TOP20
宣亚国际,TOP20
深度传媒,TOP20
智者品牌,TOP20
关键点,TOP20
美格国际,TOP20
纵横公关,TOP20
JPR公关,TOP20
霍夫曼,TOP20
起点中文网,TOP20
创世中文网,TOP20
纵横中文网,TOP20
云起书院,TOP20
潇湘书院,TOP20
晋江文学城,TOP20
17k小说网,TOP20
塔读文学网,TOP20
红袖添香,TOP20
起点女生网,TOP20
番茄小说,TOP20
书旗小说,TOP20
七猫,TOP20
掌阅小说网,TOP20
塔读文学,TOP20
咪咕阅读,TOP20
平治Anysoft,TOP20
QQ阅读,TOP20
熊猫看书,TOP20
逐浪网,TOP20
唯众传媒,TOP20
欢乐传媒,TOP20
华录百纳,TOP20
米未传媒,TOP20
银河酷娱,TOP20
笑果文化,TOP20
鱼子酱文化,TOP20
原子娱乐,TOP20
日月星光传媒,TOP20
七维动力,TOP20
合心传媒,TOP20
哇唧唧哇,TOP20
欣喜文化,TOP20
皙悦传媒,TOP20
远景影视,TOP20
兴格传媒,TOP20
能量传播,TOP20
星睿文化,TOP20
聚仁小美,TOP20
天娱传媒,TOP20
泰洋川禾,TOP20
嘉行传媒,TOP20
壹心娱乐,TOP20
英皇娱乐,TOP20
唐人影视,TOP20
喜天影视,TOP20
和颂传媒,TOP20
欢娱影视,TOP20
新丽传媒,TOP20
芒果影视,TOP20
乐华娱乐,TOP20
星河文化,TOP20
干易时代,TOP20
斗鱼,TOP20
YY直播,TOP20
虎牙,TOP20
触手直播,TOP20
映客,TOP20
花椒,TOP20
六间房,TOP20
陌陌直播,TOP20
NOW直播,TOP20
KK直播,TOP20
哔哩哗哩,TOP20
BIGO LIVE,TOP20
企鹅直播,TOP20
抖音,TOP20
妩媚直播,TOP20
火山直播,TOP20
新浪微直播,TOP20
海底捞,TOP20
喜茶,TOP20
正新鸡排,TOP20
西贝被面村,TOP20
奈雪的茶,TOP20
绝味鸭脖,TOP20
蜜雪冰城,TOP20
老乡鸡,TOP20
外婆家,TOP20
呷哺呷哺,TOP20
眉州东坡,TOP20
乡村基,TOP20
新荣记,TOP20
周黑鸭,TOP20
华莱士,TOP20
巴奴毛肚火锅,TOP20
瑞幸咖啡,TOP20
小龙坎火锅,TOP20
广州酒家,TOP20
张亮麻辣烫,TOP20
万科企业股份有限公司,TOP20
恒大地产集团有限公司,TOP20
碧桂园控股有限公司,TOP20
中国海外发展有限公司,TOP20
融创中国控股有限公司,TOP20
保利发展控股集团股份有限公司,TOP20
龙湖集团控股有限公司,TOP20
华润置地有限公司,TOP20
世茂集团控股有限公司,TOP20
新城控股集团股份有限公司,TOP20
招商局蛇口工业区控股股份有限公司,TOP20
广州富力地产股份有限公司,TOP20
旭辉集团股份有限公司,TOP20
阳光城集团股份有限公司,TOP20
金地（集团）股份有限公司,TOP20
江苏中南建设集团股份有限公司,TOP20
中国金茂控股集团有限公司,TOP20
中梁控股集团有限公司,TOP20
正荣地产控股股份有限公司,TOP20
荣盛房地产发展股份有限公司,TOP20
链家,TOP20
中原地产,TOP20
我爱我家,TOP20
房天下,TOP20
Q房网,TOP20
21世纪不动产,TOP20
乐有家,TOP20
房多多,TOP20
合富置业,TOP20
美联物业,TOP20
信义房屋,TOP20
麦田在线,TOP20
安居客,TOP20
乐居,TOP20
德佑,TOP20
中环地产,TOP20
太平洋房屋,TOP20
旭辉瓴寓,TOP20
顺驰,TOP20
蘑菇租房,TOP20
万科,TOP20
碧桂园,TOP20
绿城服务,TOP20
保利物业,TOP20
龙湖智创生活,TOP20
中海物业,TOP20
长城物业,TOP20
雅生活,TOP20
金地智慧服务,TOP20
金科服务,TOP20
华润万象生活,TOP20
嘉宝服务,TOP20
招商积余,TOP20
首开物业,TOP20
融创服务,TOP20
远洋服务,TOP20
幸福基业,TOP20
新城悦,TOP20
时代邻里,TOP20
富力地产,TOP20
中宠股份,TOP20
佩蒂股份,TOP20
瑞鹏宠物,TOP20
波奇宠物,TOP20
麦富迪,TOP20
E宠商城,TOP20
伯纳天纯,TOP20
卫仕,TOP20
PETKIT小佩,TOP20
疯狂小狗,TOP20
宠爱国际,TOP20
帕特诺尔,TOP20
萌兽医馆,TOP20
KERES凯锐思,TOP20
红狗RedDog,TOP20
一犬一话,TOP20
未卡Vetreska,TOP20
宠物家Pet'en,TOP20
帅克宠物,TOP20
Cature小壳,TOP20
中国天楹,TOP20
浙富控股,TOP20
盈峰环境,TOP20
瀚蓝环境,TOP20
东方园林,TOP20
碧水源,TOP20
金圆股份,TOP20
启迪环境,TOP20
华光环能,TOP20
高能环境,TOP20
上海环境,TOP20
清新环境,TOP20
三峰环境,TOP20
绿色动力,TOP20
玉禾田,TOP20
岭南股份,TOP20
富春环保,TOP20
远达环保,TOP20
伟明环保,TOP20
东江环保,TOP20
比亚迪,TOP20
特斯拉,TOP20
上汽通用五菱,TOP20
长城新能源,TOP20
广汽埃安,TOP20
宝马,TOP20
奔驰,TOP20
蔚来,TOP20
上汽乘用车,TOP20
小鹏汽车,TOP20
奇瑞新能源,TOP20
长安新能源,TOP20
理想汽车,TOP20
吉利汽车,TOP20
大众ID,TOP20
哪吒汽车,TOP20
威马汽车,TOP20
零跑汽车,TOP20
奥迪,TOP20
现代汽车,TOP20
商汤科技,TOP20
旷视科技,TOP20
云从科技,TOP20
地平线机器人,TOP20
明略科技,TOP20
寒武纪科技,TOP20
依图科技,TOP20
影谱科技,TOP20
特斯联科技,TOP20
涂鸦智能,TOP20
第四范式,TOP20
斑马网络,TOP20
达调科技,TOP20
卡奥斯,TOP20
G7,TOP20
集奥聚合,TOP20
出门问问,TOP20
Momenta,TOP20
奥比中光,TOP20
云知声,TOP20
闪银奇异,TOP20
宏达通讯有限公司,TOP20
歌尔股份有限公司,TOP20
北京爱奇艺智能科技有限公司,TOP20
北京小鸟看看科技有限公司,TOP20
百度有限公司,TOP20
科大讯飞股份有限公司,TOP20
福建网龙计算机网络信息技术有限公司,TOP20
上海乐相科技有限公司,TOP20
北京众绘虚拟现实技术研究院有限公司,TOP20
威爱教育,TOP20
联想新视界科技有限公司,TOP20
中国动漫集团有限公司,TOP20
上海影创信息科技有限公司,TOP20
深圳市瑞立视多媒体科技有限公司,TOP20
塔普海智能科技有限公司,TOP20
深圳创维新世界科技有限公司,TOP20
广州玖的数码科技有限公司,TOP20
利亚德光电股份有限公司,TOP20
北京耐德佳显示技术有限公司,TOP20
浪潮集团有限公司,TOP20
橙群微电子,TOP20
翠展微电子,TOP20
大鱼半导体,TOP20
滴翠智能,TOP20
光鉴科技,TOP20
广芯微电子,TOP20
汉天下,TOP20
进芯电子,TOP20
九天睿芯,TOP20
开放智能,TOP20
科道芯国,TOP20
坤元微电子,TOP20
聆思科技,TOP20
绿芯集成电路,TOP20
沐曦集成电路,TOP20
睦星科技,TOP20
纽迪瑞,TOP20
诺领科技,TOP20
拍字节科技,TOP20
苹芯科技,TOP20
海思半导体,TOP20
联发科,TOP20
寒武纪,TOP20
地平线,TOP20
中星微电子,TOP20
平头哥,TOP20
四维图新,TOP20
昆仑芯,TOP20
北京君正,TOP20
芯原微电子,TOP20
瑞芯微电子,TOP20
思必驰,TOP20
全志科技,TOP20
黑芝麻智能,TOP20
燧原科技,TOP20
天数智芯,TOP20
杭州国芯,TOP20
西井科技,TOP20
国科微,TOP20
知乎,TOP20
喜马拉雅,TOP20
腾讯课堂,TOP20
樊登读书,TOP20
凯叔讲故事,TOP20
知鸟,TOP20
知识星球,TOP20
网易云课堂,TOP20
混沌,TOP20
流利说,TOP20
得到,TOP20
看理想,TOP20
虎课网,TOP20
千聊,TOP20
简书,TOP20
拉勾教育,TOP20
CCtalk,TOP20
十点读书,TOP20
有书,TOP20
中国联通,TOP20
华为,TOP20
中国移动,TOP20
中兴通讯,TOP20
中国电信,TOP20
众联想集团,TOP20
海康威视,TOP20
阿里云,TOP20
百度智能云,TOP20
海纳云,TOP20
神州控股,TOP20
医渡科技,TOP20
用友网络,TOP20
广电运通,TOP20
浪潮云,TOP20
佳都科技,TOP20
数坤科技,TOP20
新华三,TOP20
太极股份,TOP20
大力教育,TOP20
阿里云教育,TOP20
开课吧,TOP20
高顿网校,TOP20
昂立STEM,TOP20
网易有道,TOP20
平安好学,TOP20
正保远程教育,TOP20
尚德机杯,TOP20
学慧网,TOP20
职行力,TOP20
新东方在线（东方创科）,TOP20
邢帅教育,TOP20
犀鸟教育,TOP20
沪江网校,TOP20
润德教育,TOP20
魔学院,TOP20
乐学网,TOP20
酷学院,TOP20
亿联网络,TOP20
中际旭创,TOP20
中天科技,TOP20
亨通光电,TOP20
七一二,TOP20
烽火通信,TOP20
光环新网,TOP20
光迅科技,TOP20
移远通信,TOP20
新易盛,TOP20
国盾量子,TOP20
网宿科技,TOP20
长飞光纤,TOP20
广和通,TOP20
星网锐捷,TOP20
东方通信,TOP20
东信B股,TOP20
海能达,TOP20
抖音,TOP20
灿星,TOP20
亿通科技,TOP150
华星创业,TOP150
万隆光电,TOP150
华脉科技,TOP150
邦讯技术,TOP150
路通视信,TOP150
奥维通信,TOP150
汇源通信,TOP150
*ST北讯,TOP150
*ST九有,TOP150
精伦电子,TOP150
*ST实达,TOP150
宁通信B,TOP150
KK集团,TOP100
便利蜂,TOP100
行云集团,TOP100
酷家乐,TOP100
良品铺子,TOP100
南极电商,TOP100
微盟集团,TOP100
新康众,TOP100
丁香园,TOP100
三只松鼠,TOP100
中商惠民,TOP100
阿里影业,TOP100
得物,TOP100
京东工业品,TOP100
连连数字,TOP100
淘票票,TOP100
百布,TOP100
Keep,TOP100
马蜂窝,TOP100
小猪短租,TOP100
客路旅行,TOP100
土巴兔,TOP100
粉笔教育,TOP100
震坤行,TOP100
找钢网,TOP100
氟空间,TOP100
壹网壹创,TOP100
易久批,TOP100
天鹅到家,TOP100
首汽约车,TOP100
1919酒类直供,TOP100
途家网,TOP100
小胖熊,TOP100
冠福股份,TOP100
联络互动,TOP100
火花思维,TOP100
欧台云商,TOP100
好大夫在线,TOP100
猪八戒网,TOP100
ETCP停车,TOP100
叮当快药,TOP100
魔方公寓,TOP100
百果园,TOP100
PingPong,TOP100
微店,TOP100
小熊电器,TOP100
丽人丽妆,TOP100
口袋购物,TOP100
春雨医生,TOP100
辣妈帮,TOP100
朗姿,TOP100
雅芳,TOP100
威莱,TOP100
惠氏,TOP100
百丽,TOP100
花王,TOP100
安踏,TOP100
特步,TOP100
利乐,TOP100
尤妮佳,TOP100
西雅衣家（C&A）,TOP100
通用磨坊,TOP100
顶新集团,TOP100
迈克高仕,TOP100
曼秀雷敦,TOP100
皮尔法伯,TOP100
元祖食品,TOP100
Levi's(李维斯）,TOP100
托德斯（TOD'S）,TOP100
衣恋(E.LAND),TOP100
雅戈尔集团,TOP100
曼妮芬集团,TOP100
雅士利集团,TOP100
福建柒牌集团,TOP100
西诺迪斯食品,TOP100
皇家宠物食品,TOP100
美特斯邦威,TOP100
欧爱茉莉太平洋集团,TOP100
帝亚吉欧,TOP100
上海家化,TOP100
雨润集团,TOP100
丝芙兰,TOP100
G2000,TOP100
杉杉集团,TOP100
统一集团,TOP100
青岛啤酒,TOP100
李锦记,TOP100
好丽友,TOP100
伽蓝集团,TOP100
英联食品,TOP100
保乐力加,TOP100
康师傅,TOP100
贝因美,TOP100
上海烟草,TOP100
汤臣倍健,TOP100
陆逊梯卡,TOP100
沈阳三生制药有限责任公司,TOP100
浙江医药股份有限公司,TOP100
瑞阳制药股份有限公司,TOP100
华立医药集团有限公司,TOP100
华兰生物工程股份有限公司,TOP100
山西振东健康产业集团有限公司,TOP100
中美上海施贵宝制药有限公司,TOP100
上海勃林格殷格翰药业有限公司,TOP100
圣湘生物科技股份有限公司,TOP100
先声药业有限公司,TOP100
山东鲁抗医药股份有限公司,TOP100
烟台绿叶医药控股有限公司,TOP100
东北制药集团股份有限公司,TOP100
仁和（集团）发展有限公司,TOP100
上海创诺医药集团有限公司,TOP100
江苏奥赛康药业有限公司,TOP100
浙江仙据制药股份有限公司,TOP100
江苏苏中药业集团股份有限公司,TOP100
中国医药健康产业股份有限公司,TOP100
信达生物制药（苏州）有限公司,TOP100
山东罗欣药业集团股份有限公司,TOP100
石家庄四药有限公司,TOP100
成都倍特药业股份有限公司,TOP100
辰欣科技集团有限公司,TOP100
悦康药业集团股份有限公司,TOP100
京新控股集团有限公司,TOP100
葵花药业集团股份有限公司,TOP100
烟台东诚药业集团股份有限公司,TOP100
广西梧州中恒集团股份有限公司,TOP100
海思科医药集团股份有限公司,TOP100
甘李药业股份有限公司,TOP100
成都康弘药业集团股份有限公司,TOP100
百特（中国）投资有限公司,TOP100
深圳市海普瑞药业集团股份有限公司,TOP100
施慧达药业集团（吉林）有限公司,TOP100
哈尔滨誉衡集团有限公司,TOP100
奥美医疗用品股份有限公司,TOP100
卫材（中国）投资有限公司,TOP100
北京泰德制药股份有限公司,TOP100
贵州益佰制药股份有限公司,TOP100
亚宝药业集团股份有限公司,TOP100
神威药业集团有限公司,TOP100
安斯泰来制药（中国）有限公司,TOP100
好医生药业集团有限公司,TOP100
山东金城医药集团股份有限公司,TOP100
施维雅（天津）制药有限公司,TOP100
玉溪沃森生物技术有限公司,TOP100
江苏恩华药业股份有限公司,TOP100
山东齐都药业有限公司,TOP100
华邦生命健康股份有限公司,TOP100
可孚医疗,TOP100
迪瑞医疗,TOP100
星普医科,TOP100
春立医疗,TOP100
九安医疗,TOP100
新光维医疗,TOP100
中珠医疗,TOP100
三鑫医疗,TOP100
乐心医疗,TOP100
洪达医疗器械,TOP100
宝莱特,TOP100
爱康医疗,TOP100
心脉医疗,TOP100
艾德生物,TOP100
维力医疗,TOP100
阳普医疗,TOP100
利德曼,TOP100
博奥生物,TOP100
博晖创新,TOP100
归创医疗,TOP100
冠吴生物,TOP100
爱朋医疗,TOP100
透景生命,TOP100
戴维医疗,TOP100
明峰医疗,TOP100
力康医疗,TOP100
西诺医疗,TOP100
鸿锐集团,TOP100
源德生物,TOP100
禾木生物,TOP100
南卫股份,TOP100
山外山,TOP100
威尔德,TOP100
逸思医疗,TOP100
捍宇医疗,TOP100
科惠医疗,TOP100
满友医疗,TOP100
西京医疗,TOP100
天松医疗,TOP100
北京谊安,TOP100
卡尤迪生物,TOP100
博日科技,TOP100
中迈数字医疗,TOP100
科华医疗,TOP100
益心达,TOP100
梅生医疗,TOP100
德适生物,TOP100
丹大生物,TOP100
茵络医疗,TOP100
和华瑞博,TOP100
广博股份,TOP100
星期六,TOP100
贵广网络,TOP100
宝通科技,TOP100
奥飞娱乐,TOP100
中国科传,TOP100
歌华有线,TOP100
城市传媒,TOP100
恺英网络,TOP100
横店影视,TOP100
*ST数知,TOP100
人民网,TOP100
湖北广电,TOP100
巨人网络,TOP100
吉视传媒,TOP100
掌阅科技,TOP100
华媒控股,TOP100
汤姆猫,TOP100
中信出版,TOP100
广西广电,TOP100
联创股份,TOP100
龙版传媒,TOP100
天威视讯,TOP100
天娱数科,TOP100
新华网,TOP100
紫天科技,TOP100
内蒙新华,TOP100
掌趣科技,TOP100
新媒股份,TOP100
星辉娱乐,TOP100
值得买,TOP100
华谊兄弟,TOP100
金逸影视,TOP100
新华传媒,TOP100
读者传媒,TOP100
盛天网络,TOP100
中文在线,TOP100
中视传媒,TOP100
光线传媒,TOP100
聚力文化,TOP100
顺网科技,TOP100
旗天科技,TOP100
*ST嘉信,TOP100
ST联建,TOP100
美盛文化,TOP100
华闻集团,TOP100
电魂网络,TOP100
幸福蓝海,TOP100
凯撒文化,TOP100
新经典,TOP100
珠影,TOP100
太阳娱乐,TOP100
Legendary传奇影业,TOP100
星美传媒,TOP100
长城影视,TOP100
Paramount派拉蒙,TOP100
星光传媒,TOP100
新文化NCG,TOP100
WarnerBros华纳兄弟,TOP100
奥飞娱乐ALPHA,TOP100
20世纪福克斯,TOP100
MGM米高梅,TOP100
完美星空,TOP100
中视传媒CTV,TOP100
太合娱乐,TOP100
新丽传媒,TOP100
光影动力,TOP100
美亚娱乐,TOP100
尚世影业,TOP100
唐人影视,TOP100
东宝,TOP100
永乐影视,TOP100
索尼哥伦比亚,TOP100
LionsGate狮门,TOP100
海润Hairun,TOP100
聚橙网ACOrange,TOP100
银都机构,TOP100
海润影业,TOP100
世纪长龙,TOP100
追光动画,TOP100
星皓影业FILMKO FILM,TOP100
小马奔腾,TOP100
华视娱乐,TOP100
蓝色星空影业DreamSky,TOP100
凤仪传媒,TOP100
时代东华,TOP100
恒业电影,TOP100
捷成世纪Jetsen,TOP100
皮皮鲁总动员,TOP100
华夏视听,TOP100
中汇影视,TOP100
拉风娱乐,TOP100
大展文化,TOP100
黑蚂蚁BlackAnt,TOP100
中南卡通Zoland,TOP100
金天地影视,TOP100
首影传媒SHOWIN,TOP100
正栩影业,TOP100
强视传媒,TOP100
东方飞云,TOP100
猫爪互娱,TOP100
戌时TV,TOP100
风马牛传媒,TOP100
酒仙网,TOP100
奶酪星球,TOP100
次元星,TOP100
蒲公英,TOP100
北福优品,TOP100
集淘,TOP100
众乐互娱,TOP100
达人说,TOP100
叁月半,TOP100
番茄蛋传媒,TOP100
告趣,TOP100
青英文化,TOP100
善见文化,TOP100
趣星传媒,TOP100
银河众星,TOP100
视觉姬文化,TOP100
湖南大声传媒,TOP100
声曜文化,TOP100
哈雅仕,TOP100
意涂,TOP100
精享文化,TOP100
萤火虫短视频,TOP100
月退文化,TOP100
啊噗啊噗,TOP100
秀蜜网络,TOP100
君盟,TOP100
梵维,TOP100
是大腿,TOP100
LIKO里刻文化,TOP100
遥望,TOP100
灵犀互娱,TOP100
卓塞文化,TOP100
本新VISTON,TOP100
Sandbox,TOP100
就有了光MCN,TOP100
明睿传媒,TOP100
栗子说,TOP100
飞涛文化,TOP100
泊雅传媒,TOP100
麻瓜联盟,TOP100
西多,TOP100
机器猫传媒,TOP100
秀猪,TOP100
联萌传媒,TOP100
渝欣文化,TOP100
幻游文化,TOP100
岛屿星辰,TOP100
袁记云饺,TOP100
胡桃里音乐酒馆,TOP100
云海肴,TOP100
大蓉和,TOP100
蜀大侠,TOP100
避风塘,TOP100
豪客来,TOP100
翠华餐厅,TOP100
楼外楼,TOP100
李先生牛肉面大王,TOP100
阿甘锅盔,TOP100
小肥羊,TOP100
佩姐老火锅,TOP100
蛙小侠,TOP100
利苑酒家,TOP100
望湘园,TOP100
客语・客家菜,TOP100
小杨生煎,TOP100
八合里牛肉火锅,TOP100
外婆味道,TOP100
城南往事济南风味主题餐厅,TOP100
鱼酷活鱼烤鱼,TOP100
紫光园,TOP100
蒙自源,TOP100
廖记棒棒鸡,TOP100
永和豆浆,TOP100
老娘舅,TOP100
很久以前羊肉串,TOP100
费大厨辣椒炒肉,TOP100
元氯寿司,TOP100
海伦堡中国控股有限公司,TOP100
隆基泰和集团有限公司,TOP100
正商集团,TOP100
东原房地产开发集团有限公司,TOP100
联发集团有限公司,TOP100
广州市敏捷投资有限公司,TOP100
中国电建地产集团有限公司,TOP100
新力控股（集团）有限公司,TOP100
重庆华宇集团有限公司,TOP100
融侨集团股份有限公司,TOP100
珠海华发实业股份有限公司,TOP100
建业住宅集团（中国）有限公司,TOP100
杭州滨江房产集团股份有限公司,TOP100
朗诗集团股份有限公司,TOP100
三盛集团有限公司,TOP100
大华（集团）有限公司,TOP100
中交地产股份有限公司,TOP100
景瑞地产（集团）有限公司,TOP100
北京金隅地产开发集团有限公司,TOP100
石榴置业集团有限公司,TOP100
保利置业集团有限公司,TOP100
鑫苑集团,TOP100
北京鸿坤伟业房地产开发有限公司,TOP100
北京北辰实业股份有限公司,TOP100
当代节能置业股份有限公司,TOP100
上海建工房产有限公司,TOP100
郭氏投资集团有限公司,TOP100
上坤置业有限公司,TOP100
复地（集团）股份有限公司,TOP100
首创置业股份有限公司,TOP100
大悦城控股集团股份有限公司,TOP100
安徽省恒泰房地产开发有限责任公司,TOP100
康桥集团,TOP100
广东珠江投资股份有限公司,TOP100
中昂地产（集团）有限公司,TOP100
广州市方圆房地产发展有限公司,TOP100
青岛海尔产城创集团有限公司,TOP100
厦门大唐房地产集团有限公司,TOP100
国贸地产集团有限公司,TOP100
华董（中国）有限公司,TOP100
杭州市城建开发集团有限公司,TOP100
北京首都开发股份有限公司,TOP100
花样年集团（中国）有限公司,TOP100
中建信和地产有限公司,TOP100
云星集团,TOP100
龙记泰信,TOP100
中天城投集团有限公司,TOP100
星河湾集团有限公司,TOP100
祥源控股集团有限责任公司,TOP100
广东方直集团有限公司,TOP100
重庆新鸥鹏地产（集团）有限公司,TOP100
58爱房,TOP100
诸葛找房,TOP100
保利爱家,TOP100
易居房友,TOP100
美凯龙爱家,TOP100
兴商地产,TOP100
尊地股份,TOP100
裕丰地产,TOP100
糯家NUOJIA,TOP100
万豪地产,TOP100
戈尔置业YOUNGOR,TOP100
伯恩物业,TOP100
中天物业,TOP100
天骄爱生活,TOP100
至诚ESG,TOP100
莲花物业,TOP100
卓达物业ZHUODA,TOP100
恒辉物业,TOP100
俊发物业,TOP100
中楚物业,TOP100
翼鸥教育,TOP100
优必杰,TOP100
掌通家园,TOP100
abc360,TOP100
松鼠Ai,TOP100
螳螂科技,TOP100
导氮教育,TOP100
科骏,TOP100
云朵课堂,TOP100
VIP陪练,TOP100
编程猫,TOP100
幻码星球,TOP100
小码王,TOP100
河小象,TOP100
核桃编程,TOP100
画啦啦,TOP100
美术宝,TOP100
西瓜创客,TOP100
智课,TOP100
智慧树,TOP100
英语流利说,TOP100
学而思网校,TOP100
小叶子智能陪练,TOP100
童程童美,TOP100
扇贝网,TOP100
三节课,TOP100
葡萄智学,TOP100
美联英语,TOP100
鲸鱼外教培优,TOP100
集思学院,TOP100
微吼,TOP100
51Talk,TOP100
拓课云,TOP100
十牛校园,TOP100
赛优教育,TOP100
校管家,TOP100
极客邦,TOP100
融易学,TOP100
5loffer,TOP100
领航教育,TOP100
伟东云教育,TOP100
网梯科技,TOP100
弘成科技,TOP100
优课教育,TOP100
经华智业,TOP100
柠檬文才学堂,TOP100
青颖飞帆,TOP100
爱迪学堂,TOP100
雪乐山,TOP100
震有科技,TOP100
中贝通信,TOP100
中嘉博创,TOP100
恒信东方,TOP100
天邑股份,TOP100
平治信息,TOP100
恒宝股份,TOP100
宜通世纪,TOP100
瑞斯康达,TOP100
意华股份,TOP100
东土科技,TOP100
三维通信,TOP100
天喻信息,TOP100
日海智能,TOP100
光库科技,TOP100
佳讯飞鸿,TOP100
东信和平,TOP100
*ST信威,TOP100
太辰光,TOP100
兆龙互连,TOP100
中光防雷,TOP100
恒实科技,TOP100
广哈通信,TOP100
中富通,TOP100
长江通信,TOP100
剑桥科技,TOP100
富通鑫茂,TOP100
南凌科技,TOP100
三峡新材,TOP100
世纪鼎利,TOP100
N三旺,TOP100
科信技术,TOP100
*ST信通,TOP100
波导股份,TOP100
澄天伟业,TOP100
盛洋科技,TOP100
德生科技,TOP100
映翰通,TOP100
铭普光磁,TOP100
超讯通信,TOP100
ST新海,TOP100
鼎通科技,TOP100
吉大通信,TOP100
有方科技,TOP100
纵横通信,TOP100
欣天科技,TOP100
神宇股份,TOP100
*ST高升,TOP100
中通国脉,TOP100
万马科技,TOP100
