0,1,2,3,4,5,6,7,8,9,10
硬件工程师,数字电,模拟电路,数字滤波器,电路板设计,电子元器件选型,模电/数电基础,电路分析,usb,硬件基础知识,单片机
APP开发,数据结构,swift,c++,负责产品有强烈的责任心,英语水平,抗压性,高度额责任心,解决问题的意识,,
AI开发工程师,c++,java语言,常用算法,计算机基础,面向对象思想,机器学习,阅读英文文档,基础算子,深度神经网络模型,沟通表达理
数据挖掘工程师,python程序,java语言,机器学习建模,统计基础,统计建模,linux操作命令4,云技术,统计概率,因果分析,sas
产品管理,宏观经济,协调问题,产品投入时间,复杂仪,问题分析,交流表达,个人学习力,英语四级通,系统分析,洞察力
IT运营工程师,态度积极主动,时间节点意识,沟通表达理,,,,,,,
C++开发工程师,c++,数据结构,c1证,设计模式,tcp,python程序,gdb调试技术,代码规范,算法基础,gcc
贷后管理,办公计算机操作,电话催,sas,python程序,普通话标准,与不同人群沟通,电话销售,效沟通技巧,讲求团队精神,抗压性
财务BP,基本财务会计知识,愿奉献&semi,敢挑战,会计初级证书,组织协调力,职业道德,职业资格证书,懂得牺牲,化办公软件,自驱动力
金融分析师,商业洞察力,英语四级通,效沟通技巧,为人诚信,自信心,逻辑思考力,事业心,高度额责任心,极富团队合作精神,大量阅读英文材料
经济管理,极富团队合作精神,抗压性,,,,,,,,
财务管培生,国家会计法规,收政策,财务软件,国内会计法律法规,excel函,财务基础,财务类专业证书,财务软件系统,预决算,基本会计入账操作
电子电气工程师,嵌入式软件架构设计,接插件,电子产品研发有兴趣,新能源汽车动力,执行器,电子电路原理,处事灵活度,多传感器标,沟通表达理,发流程
汽车设计,汽车结构,catia,装配建模,工作原理,三维设计开发软件,创造性思维,设计理论,团队精神6,高度额责任心,抗压性
服装质量管理,服装的生产流程,职业道德,语言表达,爱岗敬业,高度额责任心,洞察力,,,,
产品专家,产品新功能,自驱力,团队意识,用户服务意识,进取心,善于倾听,人际交往,自驱动力,驾驶技术,行驶记
B超医生,谦虚谨慎,,,,,,,,,
CRP/Medical Physician,听说读写,,,,,,,,,
数据管理专员,临床试验经验,excel函,数据分析工具,逻辑推理,数据采集,ppt操作,分析技巧,word文档,计算机软件,洞察力
客服专员,普通话标准,海空运出口业务知识,服务意识足,服务口碑,操作流程,基金知识,各航线,电脑使用技能,基金交易业务流程,网络营销资源
商品管理,excel函,电商行业,中英文水平,数据洞察分析,资源拓展整合,创新的想法,品牌服装企业运作流程,数据分析方法,化办公软件,条理性好
汽车销售,正形象气质,亲和؜力,商务谈判,主动性,进取心,用户服务意识,高度额责任心,极富团队合作精神,爱岗敬业,
置业顾问,三观正,亲和؜力,区域楼盘情况,强烈成功欲望,业务协作关系,判断力,逻辑协调,进取心,语言表达,抗压性
金融顾问,国内期货,性格坚韧,口齿清晰,资源拓展整合,普通话标准,思维敏捷,团队意识,团队创新精神,承压力,事业心
海外销售,攫取欲望,建立关系,乐于从事销售类工作,课成绩,国外交换生.外企实习,英语四级通,第二外语,沟通语言,商务意识,英文沟通
课程顾问,普通话标准,亲和؜力,正形象气质,热爱中国传统文化,主动营销意识,素质教育课程转化,心态积极向上,沟通逻辑性,抗压性,服务意识足
销售管理,excel函,用户服务意识,处理复杂人际关系,沟通表达理,数据处理功底,转化力,互联网产品,数据变化敏感度,数据分析方法,书写流
市场总监,正形象气质,社交感,各类金融产品特性,事业心,语言表达,高度额责任心,创新业务,,,
CSO线管培生,经营思维,解决问题的意识,,,,,,,,
编剧,专业的写作技巧,创作潜力,文化素质,阅片量丰富,想象力丰富而有趣,文字功底,逻辑思考力,写作方法,责任感6,团队精神6
资料撰写工程师,,,,,,,,,,
广告客户执行,同理心,逻辑思考力,完成布置,语言表达,,,,,,
文娱运营,文娱活动策划,心理咨询,服务意识足,责任感6,艺术治疗,,,,,
活动策划,组织调度经验,社交裂变玩法,整合内外部资源,展示潮流,项目策划营销流程,大型庆典活动流程,展览展示空间设计,文娱相关线下活动设计,审美视角,提炼重点
媒介管培生,工作负责,沟通表达理,word文档,excel,市场嗅觉灵敏,,,,,
安全管理管培生,,,,,,,,,,
仓储物流管理,化办公软件,理解力,执行力,,,,,,,
HRBP,当下互联网游,上人力资源,准备长期在人力方向发展的规划,业务理解力,亲和؜力,人力资源日常管理工作流程,人力资源政策,人力资源各模块管理工具,学习反思,招聘渠道开发
行政专员,普通话标准,正形象气质,服务意识足,化办公软件,亲和؜力,问题意识,组织与执行,沟通反馈意识,基本商务接待礼仪,学习力
ERP实施顾问,行业销售,文档撰写,财务管理流程,ppt操作,服务意识足,高度额责任心,抗压性,极富团队合作精神,,
法规注册,公共关系维护意识,政策法规,资料撰写,开拓精神,文字功底,文字撰写功底,沟通表达理,化办公软件,适应性,极富团队合作精神
英语翻译,思维灵,内驱动力,新闻编辑,坚韧乐观5,中心思想,英语四级通,高度额责任心,时间管理推,概括摘要,英语八级
工程项目管理,沟通表达理,执行力,,,,,,,,
CFO,,,,,,,,,,
法务管培生,合同法,公司法,国家劳动法规,国际法,身心健康,民事诉讼法,文书写作,团队意识,品德端正,职业道德
导游,导游证,反映敏捷,品德端正,普通话标准,语言表达,亲和؜力,服务意识足,,,
餐饮店长,三观正,爱交流,坚韧品性,意愿度,,,,,,
环保工程师,英语四级通,auto,职业素养,团队精神6,沟通交互,高度额责任心,offic办公软件,抗压性,,
政府关系,公文写作功底,word文档,excel,ppt操作,为人诚信,高度额责任心,抗压性,,,
农艺师,组织协调力,,,,,,,,,
管理储备干部,团队协作意识,物流行业社会实践经验,excel各项功能,抗压素质,人际理解,沟通表达理,管理协调,影响力较好,offic办公软件,人格魅力
嵌入式,c++,uart,spi,keil,数据结构,嵌入式软件,stm32,usb,tcp,单片机
AI数据工程师,自然语言生成,语言学,perl一种,执行力,责任感6,python程序,脚本语言,,,
数据分析师,excel函,python程序,sas,医药信息收集,临床常见疾病的诊疗流程,数据之间的联系,拆解指标,商业分析,临床试验经验,数据变化敏感度
网络测试,车辆总线系统的结构,车辆电控系统,c++,canoe,网络基本知识,python程序,tcp,计算机软件,英语四级通,整车开发流程
软件实施工程师,医院管理,java语言,windows,linux命令,linux操作系统,c++,网络基本知识,维护知识,独立分析解决问题,挖掘客户需求
产品交付工程师,offic办公软件,,,,,,,,,
法律风控,,,,,,,,,,
柜员,沟通表达理,抗压性,服务意识足,敬业度,高度额责任心,责任感6,极富团队合作精神,,,
合约管理,工程建设的法律法规,行业规范,工程知识基础,,,,,,,
CNC/数控,,,,,,,,,,
钣金工,机械设计,offic办公软件,逻辑思考力,沟通表达理,高度额责任心,团队精神6,,,,
化学分析,,,,,,,,,,
工程储备岗,极富团队合作精神,高度额责任心,,,,,,,,
安防系统,存储的基础理论,server,网络设备,java语言,python程序,英语口语,服务意识足,,,
技术助理,axcure,利用excel,敏感性,文献查阅,时间观念,化办公软件,问题解决,时间管理推,爱岗敬业,极富团队合作精神
学术推广代表,资源拓展整合,积极向上,组织协调力,进取心,用户服务意识,解决问题的意识,高度额责任心,工作态度,开放合作,职业道德
SEM,excel函,国内主流搜索引擎,短视频平台,积极高效,搜索引擎,数据统计分析,计算机办公软件,逻辑思考力,ppt操作,创造力
售前技术支持,方案撰写,表达沟通,操作系统的基础知识,c++,谦虚谨慎,化办公软件,极富团队合作精神,沟通表达理,用户服务意识,逻辑思考力
采购专员,组织活动经验,excel函,数据分析整理,采购相关操作流程,行政物资,数据变化敏感度,学生会干部,抗压性,合同文本,offic办公软件
广告投放,发散性思维,从数据,素材发现,广点通,手游用户群体,热爱游戏制作,海外主流,操作规则,文案写作,直播feed
外贸业务员,英语四六级.听说读写,写流利,英语四级通,客户沟通维护经验,英语听,机械原理知识,国际贸易法规,业务流程,英语底,喜欢和外国友人打交道
招生顾问,诚信敬业,语言沟通,目标意识,化办公软件,亲和؜力,抗压性,高度额责任心,营销工作,,
销售内勤,综合管理,市场部业务流程,会计核算,公司财务管理流程,学习新知识,编写计算程序,营销管理知识,财税软件,开单发货,系统软件
CTO线管培生,产品经理思维,逻辑性,自驱力,,,,,,,
带货主播,后台操作,调动气氛,镜头感觉,思维灵活,正形象气质,亲和؜力,普通话标准,学习力,语言组织,抗压性
新媒体运营助理,公众号运营,语言表现力,平易近人,审美力,文字功底,文案功底,网络知识,思维敏锐,文字撰写功底,语言表达
文案策划,文案写作,文学作品,文字功底,文化差,文字创意,文案功底,女性向游戏,手游产品深度体验,游戏文案,想象力
策划管理培训生,转化力,学习力,出发思考,沟通力,胖瘦适宜,,,,,
国际教育教师,课程考试经验,,,,,,,,,
课程设计,目标检测算法,模电/数电基础,芯片设计流程,python程序,图像分类,敏捷灵活,同理心,口头表达,钟情思考,创新意思
市场运营管培生,新闻敏感度,创新意识,,,,,,,,
材料员,法律专业知识,组织协调力,极富团队合作精神,,,,,,,
室内设计,基本装修的工艺流程,施工工艺4,设计软件,沟通表达流利,illustrator,l积极肯干,草图大师,美术功底,游戏运营有浓厚兴趣,设计功底
成本管培生,excel函,ppt操作,,,,,,,,
网约车司机,c1证,服务意识足,,,,,,,,
仓储运营专员,系统逻辑,英文读写,总结项目所,不断优化流程,沟通交互,自驱动力,抗压性,组织管理,实践项目,
IT咨询顾问,快速适应,,,,,,,,,
法律顾问,数据资料收集,逻辑思考力,极富团队合作精神,团队意识,,,,,,
日语翻译,思维灵活,英语四级通,逻辑性,亲和؜力,word文档,高度额责任心,excel,责任感6,抗压性,稳定性
品控管理,普通话标准,口齿清晰,亲和؜力,excel函,服务意识足,数据变化敏感度,工作负责,抗压性,思考总结,word文档
管理咨询管培生,快速适应,深入思考,offic办公软件,,,,,,,
政策研究,文本写作,文字功底,逻辑思考力,极富团队合作精神,语言表达,高度额责任心,沟通表达流畅,文字编辑,职业素养,抗压性
自动化,c++,java语言,python程序,数据结构,机械设计,强弱电基础,电机拖动原理,国际标准,沟通表达流畅,理论基础知识
U3D开发工程师,技术基础,c++,架构设计,lua,图形学库,逻辑思考力,团队精神6,数学基础,责任感6,抗压性
IP软件工程师,设计文档技能,c++,数据结构,软件交互,系统级性能分析,java语言,问题解决,极富团队合作精神,听说读写,
AI图像处理工程师,caffe,c++,python程序,接受新知识,维护软件测试流程,测试相关文档模版,,,,
大数据算法工程师,机器学习,数据开发经验,加密算法,编码量,caffe,常用机器学习算法,java语言,linux系统,linux操作命令4,基础算法
ERP维护工程师,,,,,,,,,,
ERP系统专员,,,,,,,,,,
产品研发,聚氨酯,产品的常规缺陷,机械设计,移动破,优化老产品的工艺,常规仪器,降低生产能耗,橡胶件,工艺材料基本常识,饮料生产研发相关设备
安全运营,从case,结构问题,数据变化敏感度,抗压性,沟通表达理,,,,,
商务渠道,勤奋努力,三观正,沟通谈判,事业心,英语听说,方案撰写,抗压性,极富团队合作精神,挑战精神,
金融运营,主人公意识,高度额责任心,执行力,,,,,,,
风控管培生,python程序,多因子模型,sas,思维灵活,数字敏感性,学习理解,创新意思,工作主动性,接受挑战,高度额责任心
材料工程师,液晶显示原理,背光设计,显示器光学,材料性能测试,3d动画制作,催化材料,英语四级通,手机研发流程,热爱材料,办公室自动化
包装工,英语四级通,事业心,进取心,计算机软件,适应快速变化,解决问题的意识,乐于接受挑战,高度额责任心,抗压性,
底盘工程师,汽车理论知识,中英文读写,电机控制,道德素养,创新意识,专业知识,化办公软件,逻辑思考力,抗压性,组织协调力
工程监理员,职业资格证书,,,,,,,,,
材料研发工程师,磁控溅射镀膜设备结构,热界面材料,电化学设计,cms相关工艺,微结构材料批量生产,电芯正负极材料研发工作,电磁材料的选型,电化学,材料表征方法,表面物性设计
职能管培生,亲和؜力,思维逻辑性,解决问题的意识,爱岗敬业,,,,,,
IC前端工程师,异步时序数字电路理论基础,综合经验,责任心事业心,创造力,英语流,逻辑思考力,价值观,解决问题的意识,,
储备财务经理,基本会计准则,内部核算流程,财务软件,会计法,账务处理,经济法,操作系统的基础知识,组织协调力,职业道德,责任感6
生产运营管培生,逻辑思考力,ppt操作,excel函,,,,,,,
动物实验技术员,英语阅读,高度额责任心,,,,,,,,
病理医师,病理医师执业证,组化报告审阅,时完成组织病理,妇科病理,,,,,,
DMPK,动物试验,肝细胞稳定性,生物样品定量分析,分析仪,微生物,代谢物鉴,代谢物鉴定,药物研发流程,职业道德,创新并解决问题
理疗师,亲和؜力,品德优良,责任感6,为人诚信,,,,,,
SEO,市场分析,高度额责任心,用户服务意识,,,,,,,
售后技术支持,excel函,liunx命令,linux操作系统,tcp,python程序,洞察力,redis,路由协议,逻辑思考力,数通厂商设备配置
买手,数据收集分析,客户需求开发产品,excel函,工作的统筹规划,高敏感度,市场敏锐度,周边山区26县,数据变化敏感度,运营的思路,各部门之间沟通协调
汽车美容,,,,,,,,,,
广告优化师,游戏产品投放模式,海外社交媒体,工作承受力,facebook,google,excel函,英语四级通,数据变化敏感度,逻辑思考力,小红书
金融产品销售,普通话标准,,,,,,,,,
国际贸易,热衷种草,喜欢研究化妆品成分,主流美妆营销媒体,媒体特征,逻辑推理,美妆产品使用,营销玩法,核心功能成分,单品的初衷,数据变化敏感度
医疗器械销售,销售意愿,充满激情,市场敏感性,效沟通技巧,强烈成功欲望,积极向上,口头表达,乐观开朗,执行力,offic办公软件
销售运营,excel函,商务合作思维,商务谈判,思考分析,团队协同,促进用户转化,英文读写,抗压性,电子商务业务销售技巧,责任感6
采购管培生,excel函,生产型采购,办公通讯设备,offic办公软件,敢挑战,客户需求分析,懂得感恩,正直诚信,懂得牺牲,人际理解
广告策划,执笔完成提案方案,文字功底,ppt操作,服务意识足,极富团队合作精神,,,,,
CAD设计/制图,,,,,,,,,,
道法编辑,学科功底,抗压性,高度额责任心,,,,,,,
媒介策划,excel函,热衷种草,化妆品重度用户,喜欢研究化妆品成分,ppt操作,逻辑性,方案撰写,分配时间,化办公软件,创造力
作者运营,社交人脉基础,,,,,,,,,
创意策划,文案写作,发散性思维,洞察游戏用户诉求,专业创意方法,设计功底,创意策划,阅片量丰富,知识面广,勇于挑战固,洞察力
广告设计管培生,美术设计工具,理解力,工作负责,高度额责任心,团队精神6,,,,,
化学教师,理科专业功底,旁征博引,标准普通话,亲和؜力,高度额责任心,极富团队合作精神,抗压性,学科知识功底,沟通交互,
课程编辑,信息化水平,,,,,,,,,
教务管理,细心耐心,亲和؜力,高度额责任心,服务意识足,,,,,,
管理培训生,强烈成功欲望,目标敏感,excel函,思想政治素质,主席经验,抗压性,人际交往,业务敏感度,管理方向发展,个人近期作品
仓库管理员,数字敏感性,仓库管理知识,积极进取,高度额责任心,offic办公软件,财务知识,协调沟通,电脑操作即,,
仓储物流管培生,表达沟通,高度额责任心,积极接受挑战,,,,,,,
猎头,语言沟通,与人沟通,职业道德观,表达沟通,轻言放弃,客户服务,人际交往,自驱动力,脚踏实地,判断力
档案管理,计算机办公软件,扫描器,化办公软件,用户服务意识,档案安全保密意识,思维敏捷,执行力,抗压性,逻辑性,法律合规评估
法务专员,公司法,合同法,国家劳动法规,风险管控意识,学习的意识,法律研究,民事诉讼法,爱岗敬业,学科教师资格证,法律知识
融资项目管理,法律法规,职业道德素质,,,,,,,,
酒店前台,预订资料,操作office,以上文化程度,抗压性,头脑灵活,执行力,服务意识足,责任感6,,
讲解员,语言沟通,独立分析,极富团队合作精神,服务意识足,解决问题的意识,,,,,
化妆师,,,,,,,,,,
茶艺师,向往茶,冲泡方式,介绍茶水冲泡流程,饮茶知识,茶艺师资格证,三观正,客户礼仪,服务意识足,亲和؜力,高度额责任心
EHS工程师,中英文读写,效沟通技巧,思维灵活,学习的意识,极富团队合作精神,团队精神6,,,,
单片机,测量仪器,电路问题,单片机内部结构,硬件知识,模拟电路基础,数字滤波器,单片机,uart,模拟信号处理电路,常用外围电路
UE4客户端开发,c++,脚本开发,美术风格,编码习惯,研究精神,编码量,数据结构算法,计算机科学基础,lua,opengl
IT软件开发工程师,c++,java语言,存储过程,,,,,,,
大数据开发工程师,java语言,数据结构,spark,python程序,hbase,c++,设计模式,数据库设计,flink,mybati
HIL测试助理工程师,脚本语,,,,,,,,,
网络工程师助理,java语言,,,,,,,,,
品牌管理,各类新媒体工具,文案撰写,市场趋势,文字功底,文字转化,化办公软件,观察力,与人沟通,offic办公软件,财务系统
本地化运营,游戏用词,服务意识足,抗压性,极富团队合作精神,,,,,,
产品经理管培生,敏捷的洞察力,在校综合表现,业务敏感度,产品开发,书面交流,审美力,创新精神,业务规划,axcure,市场意识
风险运营岗,excel函,高度额责任心,抗压性,,,,,,,
财务分析,财务分析,敏感性,自律性,数据变化敏感度,英语四级通,逻辑性,为人诚信,自驱力,抗压性,职业道德
企划督导,化办公软件,课程学习成绩,亲和؜力,offic办公软件,语言表达,高度额责任心,沟通表达理,极富团队合作精神,组织协调力,服务意识足
大堂经理,遵纪守法,仪表端庄,个人近期作品,为人诚信,职业道德,普通话标准,沟通表达理,亲和؜力,服务意识足,语言表达
会计管培生,职业资格证书,财务软件,化办公软件,亲和؜力,沟通表达理,学上进心,高度额责任心,极富团队合作精神,原则性,目标敏感
工程技术管理,英语四级通,,,,,,,,,
工程维修,用户服务意识,计算机操作,抗压性,,,,,,,
零售运营管培生,组织管理,计算机办公软件应用,市场营销知识,人际理解,前瞻性,资源拓展整合,国际视野,执行力,抗压性,学上进心
推广管培生,电脑外设产品,药学相关产品知识,移动互联网行业,英文基础,文案功底,创意策划,电竞装备,谈判技能,服务意识足,语言表达
计算机辅助药物设计,药物设计方法,分子对接,虚拟筛选,分子动力学,自由能模拟,机器学习,java语言,linux操作系统,c++,药物化学
超声科医生,仪器性能,检查原理,解决问题的意识,,,,,,,
临床技术工程师,诚信客观,积极进取,乐于接受挑战,创新精神,合作意识,自我激励,,,,
医药代表,职业操,工作独立性,沟通表达理,人际交往,组织协调力,执行力,与人沟通,语言表达,抗压性,团队精神6
药店实习生,,,,,,,,,,
产品助理,axcure,offic办公软件,excel函,ppt操作,本行业理论知识,电机运行原理,产品逻辑,数据结构,本行业国内,主流软件
软件技术支持工程师,计算机存储,英文读写,独立分析,沟通表达理,解决问题的意识,,,,,
物业招商,,,,,,,,,,
外贸跟单,外贸工作流程,英语四级通,国家相关法规,业务流程,工厂运作流程,英语书面水平,excel函,英文读写,责任感6,电脑操作即
灯光师,审美意识,画面效果理解准确,质感表现,主动沟通,洞察力,沟综合素质,自律性,条理性好,nuke,主动性
动漫同人编辑,语言沟通,excel函,word文档,,,,,,,
品牌公关,客户视,客户心态,英文写作,人际关系敏感度,文字功底,公关策划,计划性,图片处理,短视频,后期制作
网络运营,网络营销渠道,产品宣传文案,行业杂志,文字功底,职业素养,爱岗敬业,团队精神6,,,
内容策划,策划经验,各大投放渠道,成功孵化经验,审美力,文案功底,执行力,主动性,脚本撰写,,
设计管培生,美术功底,美术专业基础,建筑设计,设计意识,c4d,时尚品味,视觉表达,降得住高富帅,illustrator,亲和؜力
家教,逻辑性,持续学习,,,,,,,,
古筝教师,普通话标准,语言表达,,,,,,,,
城市规划,规划设计基础知识,excel函,逻辑思考力,极富团队合作精神,,,,,,
环境管理管培生,观察力,执行力,,,,,,,,
仓库文员,高度额责任心,中英文阅读,,,,,,,,
培训,个性积极,热衷销售,关注客户,阅读英文资料,分享交流,医疗影像专业,爱岗敬业,核心胜任力,乐于团队协作,高度额责任心
保险顾问,商务谈判,亲和؜力,电子商务业务销售技巧,极富团队合作精神,高度额责任心,,,,,
国际法规工程师,,,,,,,,,,
法语翻译,英语四级通,职业素养,excel函,高度额责任心,极富团队合作精神,ppt操作,,,,
项目调研专员,文献检索经验,事业心,高度额责任心,极富团队合作精神,,,,,,
COO,数据统计分析,执行力,,,,,,,,
客服管培生,普通话标准,offic办公软件,处理管理,,,,,,,
服务员,向客户介绍,,,,,,,,,
电路设计,模拟电路设计经验,反馈理论,电气原理图设计,晶体振荡器,无线射频电路设计,关键模拟模块,器件模型,集成电路工艺,集成电路设计流,验证检查
java,java语言,mybati,数据结构,springcloud,多线程处理,git操作,redis,开源技术,面向对象的思想,分布式系统的设计
Pipeline TD,c++,协作精神,gin,,,,,,,
大数据运维工程师,hbase,数配置,kafka,spark,数据组件,zookeeper,yarn,flink,python程序,程序设计基本功
JAVA开发实施工程师,linux操作命令4,servlet,jsp,windows,springcloud,java语言,webservice,mybati,消息队列,redis
财务运营,数字敏感性,沟通表达理,抗压性,高度额责任心,,,,,,
产品开发管培生,组织协调力,沟通表达理,,,,,,,,
财务顾问,国内外资本市场,金融产品,普通话标准,问题解决,职业道德,沟通表达理,责任感6,进取心,工作责任心,
信贷管理,人际交往,踏实稳重,为人诚信,工作负责,执行力,,,,,
交易管理部管培生,各类交易规则,vba,python程序,细心耐心,数据处理功底,开朗外向,沟通协作,文化价值体系,抗压性,团队精神6
生产管理,excel函,化办公软件,项目计划,安全生产法,产品制成结构,创新执行精神,服务意识足,逻辑思考力,ppt操作,人际交往
工业工程师,excel函,ppt操作,文书写作,设计功底,高度额责任心,offic办公软件,极富团队合作精神,英语四级通,工作主动性,
生产质量管培生,生产工艺流程,工艺流程,综合协调,仪器组装工艺流程,仪器生产技术,,,,,
导医,160cm,普通话标准,,,,,,,,
护理,老年人护理经验,普外科产品,护士执业资格证,人体解剖结构,婴幼儿护理,科研课题,科研习惯,护理学,治学精神,信息分析
促单员,谦虚谨慎,互帮互助精神,学上进心,共同进步,,,,,,
售后工程师,调试器,英文基础,服务配置,linux操作系统,电气原理图设计,器皿材料,信息收集整合,机电设备,linux操作命令4,troubleshooting
贸易跟单,offic办公软件,高度额责任心,极富团队合作精神,,,,,,,
珠宝销售,语言沟通,服务意识足,高度额责任心,极富团队合作精神,,,,,,
证券经纪人,各类金融产品特性,创新业务,用户服务意识,沟通表达理,抗压性,事业心,,,,
外贸销售,贸易操作流程,国外客户,法律法规,英语听,新媒体推广,听说读写,英语四级通,英语6级,客户沟通,英语流
商务管理,社会实践经历,英语四级通,清晰的职业规划,市场意识,学生会干部,管理方向发展,领导力,课程学习成绩,强烈成就动机,原则性
策划管培生,雅思7分,发散性思维,文案撰写,逻辑思考力,英语沟通,沟综合素质,社会实践经历,社团管理经验,资源拓展整合,执行力
短视频IP主演,抗压性,,,,,,,,,
UI设计师,美术功底,illustrator,视觉设计,审美力,手绘板绘制,figma,sketch设计工具,用户体验敏感,概念设计项目,专业美术基础
历史编辑,学科功底,抗压性,高度额责任心,,,,,,,
商务助理,excel函,市场动态,商务公关技巧,高效执行力,正形象气质,ppt操作,法律知识,化办公软件,合同法,态度谦
短视频策划,创意策划,新媒体行业规则,营销思维,脑洞大开,短视频,社交感,高度额责任心,审美力,,
机器人教师,ppt操作,,,,,,,,,
班主任,执行力,用户服务意识,服务意识足,责任担当意识,职业素养,极富团队合作精神,,,,
家装销售,,,,,,,,,,
经营管培生,快速适应,团队协作意识,思维敏捷,创新意识,可塑性,沟通协作,人际交往,执行力,承压力,社会实践活动者
调度员,,,,,,,,,,
市场营销管培生,同类型岗位社会实践经验,正形象气质,乐于团队协作,社会成熟度,社团组织,英语流,长期从事地产行业,快速适应,化办公软件,沟通表达理
企业文化,设计软件,爱剪辑,脚本撰写,前期拍摄,高度认同公司企业文化,画面特效包装,视觉传播物料,组织实施,文字功底,视频制作软件
财税顾问,excel函,沟通方式,各项税收政策,税收优惠备案,乐观外向,强烈成就动机,word文档,offic办公软件,长期合作关系,用户服务意识
律师,通过司法考试,学科教师资格证,英文读写,电脑操作即,思维敏捷,逻辑性,办公室自动化,化办公软件,效沟通技巧,抗压性
项目管理工程师,ajax,java语言,json,excel函,物流专业知识,复杂仪,型关系型数据库,物流工程,强烈成就动机,物流管理
CTO,道德品质,执行力,服务意识足,工作态度,,,,,,
驱动开发,c++,红黑树,usb,数据结构的设计,进程调度管理设计,mipi,uart,数模电原理,主流操作系统基本,计算机通信接口技术
slam算法工程师,c++,ros,机器人感知,点云配准,激光建图定位,闭环检测,make,控制领域相关算法,eigen,pcl
数据标注,影像科工作经验,空间感,offic办公软件,人体解剖结构,电脑的基本操作,理解力,团队精神6,高度额责任心,方向感,适应性
IT技术架构工程师,java语言,c++,快速适应,,,,,,,
产品运营,excel函,食品饮料,产品or运营经验,游戏运营方式,游戏经验,slg类型游戏,互联网公司工作经验,同类型工作,剑网3用户特性,社区玩法
固收交易员,沟综合素质,组织协调力,执行力,高度额责任心,证券从业资,,,,,
财务管理,excel函,收法规,职业资格证书,财务相关政策法规,财务各,财务软件,word文档,风险意识,工作流程,结果导向思维
商务拓展,运营分析,美妆产品使用,核心功能成分,单品的初衷,商务运营,商务谈判,线上营销,工作心态,热爱市场营销,用户服务意识
金融管培生,股票软件,网络知识,offic办公软件,反映敏捷,交际技巧,书写流,高度额责任心,亲和؜力,市场分析,excel函
生产统计,电脑操作即,团队意识,,,,,,,,
内控管培生,执行力,创新意思,高度额责任心,使命感,方案撰写,极富团队合作精神,协调沟通,,,
核心网工程师,英语四级通,沟通表达理,,,,,,,,
研究助理,统计分析原理,实验设计思路,基本实验基础,notebook,研究分析,数量统计,英文书写,python程序,系统性积累,财务分析
生物统计师,sas,书写流,python程序,医学统计方法,,,,,,
儿科医生,解决问题的意识,,,,,,,,,
医美助理,化办公软件,word文档,,,,,,,,
营销管培生,社会实践经历,目标敏感,剖析玩家心理,文案写作,企图心,数字化转型概念,正形象气质,社团管理经验,向客户介绍,团队共事
供应链营运管理,自律性,沟通表达理,解决问题的意识,领导力,,,,,,
售后客服,热情耐心,文明礼貌,人力资源,敬业奋斗,了解公司产品,道德品质,职业道德,团队协助精神,沟通协作,积极主动
旅游顾问,阳光正面积极,抗压性,语言表达,普通话标准,,,,,,
企业宣传,平面设计技,创新意识,,,,,,,,
招商助理,供应链业务,普通话标准,听说读写,商务谈判,沟通表达理,亲和؜力,抗压性,解决问题的意识,高度额责任心,服务意识足
团队经理,生活工作习惯,正能量,品德端正,服务意识足,自律性,进取精神,学习力,,,
产品管培生,理科思,usb,工控机,产品常用设计软件,计算机原理,uart,电话交换机,工业相机,竞品分析,spi
包装设计,主流包装工艺,材质特征,审美力,印刷流程,业法律法规,设计基础,作品链接,平面设计技,审美品味,各类设计软件
工程助理,心理学,标准工时,工程分析,人员优化,excel函,理论基础,化办公软件,了解项目开发流程,绘图软件,英语四级通
展馆策划,ppt操作,,,,,,,,,
美术教师,学员情况,绘画功底,亲和؜力,高度额责任心,极富团队合作精神,与人沟通,,,,
课程规划师,企图心,三观正,正形象气质,亲和؜力,客户服务心态,服务技巧,普通话标准,口头表达,抗压性,逻辑思考力
社区运营管培,擅长把握用户心理,市面上各类社区产品,自我驱动的学习,产品运营思维,原型图类工具,数据思维,python程序,协同工具,英语6级,产品思维
供应链管理,勇于尝试新思路,新方法,项目计划,开拓进取,谦虚谨慎,中英文水平,英语听说,效沟通技巧,创新精神,程管理
业务管培生,智能家居产品,六级考试,活动执行力,事业心,与人沟通,责任感6,excel,word文档,向客户进行公司,ppt操作
纪检监察,事业心,逻辑思考力,责任感6,团队精神6,职业道德,,,,,
产品咨询顾问,用户服务意识,帮助他,,,,,,,,
项目现场管理,,,,,,,,,,
人力资源管培生,人力资源六大板块内容,excel函,excel表格公式,offic办公软件,配置方法,电商行业基本运营模式,灵活向上,亲和؜力,swot分析法,文化活动策划
咖啡师,咸点的制作,极富团队合作精神,服务意识足,,,,,,,
系统集成,主流制冷剂的原理,catia,数据采集卡,从事系统运维方向,java语言,429,电路基础,发动机理论,电路分析,嵌入式产品
游戏前端开发,c++,面向对象设计,lua,编码量,数据结构,责任感6,工作责任感,,,
linux开发,c++,常用指令,抗压性,,,,,,,
测试开发工程师,java语言,python程序,c++,理论基础知识,数据结构,linux操作命令4,scapy,测试流程,测试工作,操作系统
决策规划算法工程师,c++,车辆运动学理论,常用轨迹规划算法,状态机,机器人,全局路径规划算法,数据结构知识,优化算法,数据结构,车辆规划控制
数据产品,用户洞察,数据变化敏感度,产品设计软件,用户画像,产品设计工具,数据思维,数据挖掘,文档撰写,逻辑思考力,主动沟通意识
海外管培生,,,,,,,,,,
海外融资,,,,,,,,,,
成本分析,,,,,,,,,,
焊接工程师,材料科学,excel函,catia,听说读写,正直诚信,ppt操作,创造力,社团工作经历,学上进心,抗压性
电镀工,14001,45001,27001,知识产权各体系标准,excel函,ppt操作,沟通表达理,逻辑思考力,,
技术质量管理,word文档,excel,ppt操作,文字功底,极富团队合作精神,组织协调力,,,,
版图设计,排版布局,电压降,calibre,常用设计工具,集成电路设计流,画图方法,yout设计,快画图快,物理验证,工艺流程
生物信息工程师,分子生物学技能,python程序,生物网站,perl一种,linux系统,阅读生物专业文献,阅读英文文档,git操作,docker,samtools
海外市场,海外广告平台的特性,社交媒体,内容写作,英语沟通表达流畅,英语水平,gnerswelcome,全英文工作,人际主动性,数据收集分析,市场意识
电商顾问,,,,,,,,,,
销售专员,礼貌待客,普通话标准,亲和؜力,服务意识足,团结合作意识,化办公软件,反应速度快,网络通,市场开拓,高通量测序
广告运营,广告投放流程,投放经验,工具软件,英语6级,逻辑达人,沟通协作,接受新事物的意识,数据变化敏感度,逻辑思考力,语言表达
招商经理,成就他人,社交感,人际交往,沟通谈判,服务意识足,高度额责任心,与人沟通,团队精神6,抗压性,处理管理
电商管培生,平台运营规则,视觉把控力,营销活动打法,从数据中发现问题,增量获取方式,煽动性,设计软件,java语言,excel,平面设计技
后期制作,调色软件,合成软件,color,premiere,逻辑性,影视公司影视包装,,,,
插画师,sai,各设计软件,手绘板绘制,设计基础,花型设计,造型功底,美术功底,美术基础,平面设计用软件,短视频拍摄
策划助理,excel函,文案撰写,思路开阔,地产项目分析,房地产运作流程,大型公共场,word文档,社会化媒体运作,媒介关系,版权法
市场专员,excel函,活动物料的工艺,护肤品牌,各类策划方案提案的撰写,内容审核,撰写新闻稿,illustrator,洞察市场,策划方案,发展前景
辅导员,表达沟通,,,,,,,,,
给排水工程师,常规办公软件,创新意识,化办公软件,团队协作意识,语言表达,书面表达,责任感6,,,
市场拓展管培生,,,,,,,,,,
海外清关,,,,,,,,,,
供应链管培生,互联网平台,富系统功能,智能制造行业,excel函,生产部,社会实践经历,思维敏捷,亲和؜力,offic办公软件,领导力
经理助理,应变技巧,工作方向发展,存储产品的采销流程,编写应用文档,市场眼光,技术文档,excel函,知识背景,人际交往,项目开发
管理咨询顾问,逻辑思考力,理解力,执行力,化办公软件,,,,,,
西班牙语翻译,笔译水平优秀,思维灵活,化办公软件,极富团队合作精神,承压力,,,,,
售前咨询管培生,人际交往,数学基础,逻辑思考力,学上进心,自驱动力,,,,,
安检员,170cm,身材好,160cm,女160cm,三观正,无慢性疾病,语言表达,高度额责任心,,
FPGA开发,xilinx,资源评估,数字电,总线规范,数字通信协议,c++,发流程,异步接口处理,算法开发,通信系统
Unity3D工程师,数据结构的设计,责任感6,极富团队合作精神,,,,,,,
仿真工程师,catia,材料特性分析,基础理论知识,offic办公软件,c++语言,流体仿真分析,电化学原理,信号完整性理论基础,仿真参数测量方法,分析流程
电气测试工程师,测试工作经验,低压电器零部件测试基本理论,电气电路,60947,工控机集成系统,电气设计图纸,60898电器标准,测试工具,工控机混,测试流程
项目工程师,excel函,outlook,液晶背光结构,沟通协调工作,沟通协作,计算机办公软件,志于在检测认证行业发展,自主性,信赖性,产品背光
电商产品,思维灵活,设计产品功能,交互体验,需求文档,逻辑思考力,设计文档,产品流程,excel,,
储备运营,思维品质,积极向上,综合素养,善创变,能死磕,服务意识足,利他之心,,,
成本核算,书面沟通,英语四级通,内外部沟通,计算机操作技能,,,,,,
物控管理,抗压性,逻辑思考力,解决问题的意识,,,,,,,
机电工程师,机构设计,联合单片机的电路,形位公差绘图,c++,安全意识,组装测试工具,英语四级通,python程序,施工工艺4,理论知识
电工,装配工具,执行力,专业基础,解决问题的意识,问题解决,问题分析,英语四级通,工作主动性,团队精神6,书面表达
客户服务工程师,跟单流程,excel函,听说读写,英语四级通,极富团队合作精神,爱岗敬业,,,,
生物医药工程师,高度额责任心,表达沟通,,,,,,,,
临床研究员,文献检索工作,中英文文献检索,,,,,,,,
技术支持,java语言,linux操作系统,python程序,tcp,德语听说读写,用户服务意识,电话交换机,雷达原理,服务意识足,路由器的配置
广告设计,画面处理,剪辑工作,高雅的审美观,后期制作软件,短视频玩法热点,premiere,c4d,手绘板绘制,图片素材,视频艺
招商管理,时尚品味,excel函,英语四级通,沟通表达理,逻辑思考力,ppt操作,,,,
城市经理,分享个人观点,自驱力,,,,,,,,
陈列设计,服装搭配技巧,审美力,,,,,,,,
会展策划,执行力,抗压性,,,,,,,,
日语教师,表达沟通,,,,,,,,,
篮球/羽毛球教练,亲和؜力,语言沟通,反映敏捷,用户服务意识,高度额责任心,学上进心,,,,
新媒体运营,文字功底,文案写作,文案功底,小红书,视频混剪,文案撰写,移动互联网行业,食品饮料,视频的制作流程,新媒体运营工作经验
房地产投资拓展,工作意识,普通话标准,洞察力,团队精神6,抗压性,,,,,
投资管理管培生,人际交往,,,,,,,,,
员工关系,国家劳动法规,人力资源,excel函,国家人力资源相关政策,法律法,人力资源工作,亲和؜力,沟通表达技巧,化办公软件,offic办公软件
合规咨询顾问,通过司法考试,董秘资格,专业知识,职业素养,持续学习,语言表达,逻辑思考力,高度额责任心,执行力,
研发项目管理专员,执行力,组织协调力,,,,,,,,
项目管培生,工具软件,学上进心,沟通表达理,极富团队合作精神,执行力,,,,,
酒店管理,,,,,,,,,,
票务员,170cm,160cm,身材好,三观正,语言表达,,,,,
政策管理,,,,,,,,,,
ETL开发,db2,数据变化敏感度,基本功扎实,自动化测,spark,数据库开发,storm,linux操作命令4,数据建模,flink
NLP算法工程师,python程序,c++,nlp,java语言,自然语言生成,bert,算法基础,命名实体识,机器学习模型,知识图谱
感知算法工程师,c++,图像处理,图像处理算法,python程序,物体检测,分类识,caffe,计算机视觉基础知识,英文资料,时频域变换
电气开发工程师,逻辑思考力,效沟通技巧,极富团队合作精神,,,,,,,
硬件产品,团队工作,智能硬件产品的软硬协作流程,正形象气质,自觉性高,事业心,进取心,积极主动的思考,数据变化敏感度,积极性,撰写技术文档
店面运营,调动资源实现目标,语言表达,服务意识足,强烈成功欲望,抗压性,高度额责任心,,,,
金融风控,业务流程,风险分析,,,,,,,,
成本造价,开拓进取,创新精神,事业心,抗压性,团队意识,责任感6,与人沟通,,,
业务分析师,业务分析,文案功底,axcure,ppt操作,团队意识,高度额责任心,,,,
战略与经营分析管培生,宏观分析,价值提炼,excel函,财务分析,财务建模,财务规划与分析,python程序,ppt操作,逻辑思考力,抗压性
生产技术工程师,法律专业知识,极富团队合作精神,,,,,,,,
机械工程师,机原理,机械设计,装配图,机械传动特点,机械机构,探索欲望,金属件,注塑开模件,设计软件,3d动画制作
品控官,,,,,,,,,,
客户质量工程师,,,,,,,,,,
实验研发工程师,高通量测序,查阅文献,快速解读文献,生物学相关软件,,,,,,
妇产科医生,,,,,,,,,,
软件销售,计算机基础知识,亲和؜力,目标敏感,独立处理复杂问题,人际交往,市场分析,服务意识足,软硬件产品,网络基本概念,工作责任心
客服管理,专业等级证书,以上证书,主动服务意识,正直诚信,懂得感恩,抗压性,极富团队合作精神,,,
渠道管理,excel函,符合中欧基金,有追求,商业意识,细致有耐心,服务意识足,沟通表达理,意愿度,与人沟通,换位思考
剪辑师,拍摄器材,镜头感觉,后期制作软件,premiere,视频混剪,电脑版剪映,自媒体,简单的视频,沟通水平,视频类软件
媒介投放,交媒体重度,关注潮流圈,脑洞大开,文案撰写,文字撰写功底,创意策划,执行力,高度额责任心,结合热点事件,
科普编辑,幽默风趣,沟通协作意识,食品科学知识,逻辑性,理解力,工作负责,,,,
项目策划执行,,,,,,,,,,
影视管培生,文案写作,发散性思维,视频制作,,,,,,,
少儿英语老师,爱孩子,高度额责任心,,,,,,,,
项目经理,英文沟通,软件开发基础,java语言,中文普通话,excel函,致力向项目管理,多线程处理,证券从业资,区块链行业,产品研发
安全员,170cm,160cm,身材好,三观正,安全生产管理技术,安全技术管理规范,安全办公软件技能,173cm,163cm,语言沟通
货运代理,挖掘客户的潜力,开发新客户,英文打字,勤奋努力,offic办公软件,高度额责任心,,,,
组织发展,常用面试方法,组织洞察力,业务敏感度,创新意识,沟通协作,excel函,逻辑思考力,沟通表达理,文字功底,抗压性
前台接待,165cm,160cm,三观正,正形象气质,普通话标准,服务意识足,,,,
法律事务,工作责任心,极富团队合作精神,语言表达,书写流,,,,,,
本地化翻译,商务日语,日语文学功底,体验公司的游戏产品,游戏本地化翻译,影视字幕翻译,二次元产品,文化习惯,第二外语,宗教信仰,历史风俗
业务项目规划管理岗,数据库程序,文字功底,化办公软件,极富团队合作精神,抗压性,高度额责任心,沟通交互,组织协调力,,
联合创始人,方案撰写,书面表达,,,,,,,,
行政管培生,企业行政相关政策,正形象气质,个人习惯,企业文化建设,宏观思维,文书写作,沟通表达流畅,人际沟通协调,化办公软件,亲和؜力
店长,亲和؜力,高度额责任心,高度认同公司企业文化,勇于挑战固,礼貌待客,高敏感度,品行良好,服务意识足,团结合作意识,区域楼盘情况
美容师,高度额责任心,专业用心舒适效果,,,,,,,,
ARM开发,积极主动,逻辑思考力,团队意识,高度额责任心,,,,,,
系统开发,c++,java语言,python程序,android,mybati,rviz,ros,编写应用文档,springcloud,多线程处理
高性能计算工程师,数据结构,c++,cuda,学习算法优化,高性能分布式存储,c1证,intrinsic,llvm,编译器,计算机体系结构
后端测试工程师,综合时序分析,排版布局,流程管理软件,软件工程,乐于团队工作,软硬件测试流程,理论基础知识,qtp,linux命令,性能测试工具
抖音运营,审美力,将新鲜元素,互联网产品,亲和؜力,沟综合素质,执行力,英语四级通,沟通表达理,抗压性,capcut
量化风控,风险控制思维,量化分析基础,符合中欧基金,有追求,程序开发功底,品德优良,研究分析,职业道德,进取心,解决问题的意识
税务专员,税务基本知识,实体行业业务流程,在校综合表现,态度端正,发票合规管理,化办公软件,财会知识,职业操,抗压性,复杂问题的处理
证券分析师,学上进心,服务意识足,团队精神6,软件功能,,,,,,
业务定向生,,,,,,,,,,
储备市场部负责人,市场开拓,接受挑战,,,,,,,,
夹具工程师,,,,,,,,,,
管道设计工程师,英语书面,offic办公软件,,,,,,,,
声学,数字滤波器,测试设备,分析问题,,,,,,,
商务专员,销售思维,商务谈判,不怕困难,excel函,制药行业国内外临床试验,出发思考,医药信息收集,沟通交互,进销存系统,逻辑性
客服助理,生活习惯,口头+,60m,正能量,高度额责任心,抗压性,word文档,电脑操作即,ppt操作,普通话标准
销售储备干部,发挥个人优点,党员+,直面困难,纪律性,积极主动,抗压性,电脑操作即,敢于突破,普通话标准,沟通表达理
经纪人,喜欢与人互动交流,积极向上,学习力,亲和؜力,敢于挑战高薪,判断力,强烈成就动机,职业操,语言表达,性格坚韧
动画设计,美术功底,基础动画运动规律2,动画制作,三维动画制作,自然的动画效果,动画基础,文字转化,spine,各类项目脚本,表演节奏
新媒体编辑,各类新媒体,网络社会化媒体传播形式,专题报道,思想成熟,专题策划,宏观思维,公众号运营,编辑整理,代表性作,文字功底
营销策划,发散性思维,文案写作,营销策划,阅片量丰富,活动组织,新媒体行业,谦虚勤奋,精力旺盛,文案撰写,自媒体
学习管理师,亲和؜力,普通话标准,服务意识足,沟通交互,责任感6,理解力,excel函,工作条理性,抗压性,执行力
开发报建,,,,,,,,,,
工程造价,语言协调沟通,专业基础,安装预结算,化办公软件,职业操,文字编写,英语四级通,计算机办公软件,高度额责任心,大局意识
业务品质管培生,思考学习,同理心,头脑灵活,抗压性,内驱力,,,,,
增员助理,团队协助精神,职业道德,高度额责任心,极富团队合作精神,,,,,,
交易咨询顾问,化办公软件,积极主动,人际交往,极富团队合作精神,自信乐观,,,,,
翻译教研,,,,,,,,,,
项目实施工程师,统计编写,存储过程,数学基础,理解力,人际交往,沟通交互,创新精神,钻研精神,责任感6,工作习惯
客运员,170cm,160cm,身材好,三观正,女160cm,显伤疤,无慢性疾病,语言表达,品德优良,
PCB工程师,模拟电路,数字电路基础知识,电子产品,,,,,,,
客户端开发工程师,c++,数据结构,lua,java语言,python程序,perl一种,计算机基础知识,脚本语言,基本算法,swift
OPC算法工程师,计算机几何学,数字图像处理,c++,python程序,效沟通技巧,组织经验,,,,
机器人算法工程师,c++,ros,数据结构,java语言,机器人学基础知识,加密算法,python程序,数学基础,全局路径规划算法,李群李代数
软件产品,用户研究常见方法,性测试-启发式评估-眼动测试,机器视觉的原理,场景分析,流程3,计算机操作,组织沟通,服从公司安排,逻辑思考力,执行力
供应链运营工程师,数据分析技能,vba,自驱力,人际交往,团队精神6,,,,,
互联网运营管培生,逻辑思考力,,,,,,,,,
资产专员,高度认同公司企业文化,excel函,团队意识,word文档,高度额责任心,ppt操作,,,,
金融科技定向生,敬业度,责任感6,抗压性,,,,,,,
供应商质量管理,java语言,质量意识,c++,机械设计的原理,公差尺寸,品质工具,写作方法,沟通协作,积极热情,python程序
精益工程师,化办公软件,,,,,,,,,
汽车维修,团队精神6,高度额责任心,,,,,,,,
认证工程师,产品出口,offic办公软件,英文四级,,,,,,,
电控工程师,电气硬件,自动化控制设备的设计,沟通协作,软件开发,控制算法,电控规范,沟通表达流畅,转子位置观测,矢量控制,气动知识
细胞培养技术员,细胞培养操作经验,基本细胞实验技能,控制程序,胞复苏,免疫学,微生物检测,流式细胞仪,操作意识,文献检索,化办公软件
市场策划,喜欢思考,日本动漫,勇于挑战固,当下潮流,创造力,ppt操作,解决问题的意识,word文档,excel,分析工具
运营客服,办公操作,电脑操作即,责任感6,亲和؜力,团队意识,,,,,
电话销售,学习卡推广,普通话标准,挖掘客户的潜力,销售渠道,热爱公司的花花草草,知识学习,敬业诚实,互联网络,表达清晰,网络交流工具
摄影/摄像,彩妆产品,,,,,,,,,
游戏策划,部分产品,口头表达流,运营分析,持久力爆表,游戏行业充满激情,产品数据敏感,易交流,善于自我管理,用户群体需求,1年以上工作经验
数学教师,高度额责任心,抗压性,,,,,,,,
unity,资源管理,游戏特效,粒子系统,unity,性能分析,代码结构,数据结构,编写逻辑脚本,操作系统,材质编辑器
书法教师,面功底,语言表达,,,,,,,,
市场推广,语言文字,市场敏锐度,勇于挑战固,普通话标准,品行良好,乐观向上,爱心耐心,目标敏感,三观正,态度积极
租赁顾问,服务意识足,执行力,语言表达,进取心,抗压性,,,,,
建筑工程师,操作office,品德端正,信用度,组织协调力,语言表达,自律性,责任感6,极富团队合作精神,积极向上,
客服顾问,英语表达,普通话标准,用户服务意识,洞察力,口头表达,逻辑思考力,高度额责任心,抗压性,主动性,极富团队合作精神
专利工程师,韩语精通,热爱查阅文献,文献检索,阅读英文专利,机械相关专业基础,英语四级通,语言组织,英语书面,英语6级,中英文阅读
咨询顾问管培生,承压力,高度额责任心,挑战欲,,,,,,,
空乘,,,,,,,,,,
射频工程师,模拟电路,数字电,电路分析,射频电路,频谱仪,微波射频原理,设计仿真软件,信号处理,通信原理,理论分析
PC工程师,电气控制柜设计,电气接线,持续学习,逻辑思考力,极富团队合作精神,高度额责任心,,,,
机器学习算法工程师,数据结构,加密算法,c++,经典的算法原理,python程序,模型开发,svm,java语言,机器学习,机器学习框架sklearn
官网运营,以上外语语种,分析思维,,,,,,,,
技术开发管培生,android,基本操作,java语言,数据变化敏感度,逻辑思考力,,,,,
会计,excel函,财务软件,职业操,学习体系,资产管理,财务收支计划,愿意在事务所行业继续学习,国家会计法规,高度提炼,会计法规
定量分析师,金融随机分析,金融理论,数理功底,商务管理知识,python程序,c++,学习理解,,,
售前解决方案管培生,密码学,数据库开发,敏感性,机器学习,云计算,文案撰写,语言表达,逻辑思考力,团队精神6,excel函
质量管理专员,原材料的检验标准,检验规范,芯片测试筛选规范,沟通表达理,质量记录,,,,,
模具工程师,3d动画制作,办公室自动化,工作效率,人际交往,协调性,高度额责任心,抗压性,团队意识,极富团队合作精神,
助理工程师,excel函,博图软件,catia,通用设计软件,动作原理,非标自动化设备常用标准件选型,物料拉动的原理,机械结构,word文档,数据维护
审核员,标准指引,品牌管理,法律法规,风险意识,化办公软件,offic办公软件,,,,
电路工程师,电气原理图设计,基本开关电源设计,计算机通信接口技术,机原理,原理图,emacs编辑器,硬件外设的设计,电路板设计,光电理论基础,vim
护工,网络安全攻,信息安全,漏洞扫描,自动化基础知识,英语沟通,强电工程规范,电系统工程原理,tcp,弱电专业知识,专业规范
市场调研,eg:excel,excel函,文字编辑功底,全面性,处理客户关系,新闻敏感度,抽样方法,影响范围,反馈率,电脑操作即
电话客服,普通话标准,产品特性,跟进进程,提高客户满意度,电话沟通技巧,网络知识基础,offic办公软件,电脑打字,亲和؜力,反映敏捷
销售顾问,普通话标准,亲和؜力,销售意识,品行良好,三观正,口齿清晰,沟通责任心,国内期货,自评底层,拜访客户的前期预判
视频编辑,摄像技术,数码相机应用技巧,后期制作技术基础,合成软件,premiere,视频制作软件,资讯报道,视频剪辑工具,表述逻辑,泛娱乐
文案编辑,商务英语,阅读量大,结合公司实际情况,电商运营模式,文案撰写,热点案,广泛传播效果,小红书,近期的热点话题,新媒体
品牌策划,热衷种草,喜欢研究化妆品成分,外语水平,交媒体流行趋势,文案功底,文案撰写,ppt操作,策略工具,洞察力,策略思考
体育教师,,,,,,,,,,
课程研发,文本写作,将复杂的事物梳理,口头表达,高度额责任心,普通话标准,抗压性,自驱动力,创新意识,逻辑思考力,极富团队合作精神
运营管培生,专业等级证书,快速适应,社会实践经历,分析玩家游戏心理,团队协作意识,思维敏捷,团队共事,营销管理理念,新想法思路,市场主流游戏产品
人力专员,积极阳光,团队交付意识,逻辑清晰,职业操,专业知识,办公应用软件,目标敏感,进取心,推动性,word文档
项目助理,excel函,互动沟通,digital,实验报告,执行力,social,java语言,mkt,沟通类,细胞培养操作经验
总助管培生,书面表达,敢于打破常规,,,,,,,,
服务专员,电力系统运行规程,安全规范,英语听说读写ok,从用户,机电安装知识,普通话标准,口齿清晰,生活工作习惯,自律性,化办公软件
收银,高度额责任心,职业操,,,,,,,,
android开发,android开发语言,数据结构,算法分析,db2,,,,,,
计算机视觉CV算法工程师,c++,java语言,图像算法技术,,,,,,,
用户研究,主动解决问题,用户研究常见方法,excel函,基础研究分析方法,人群和市场的观察,敏锐的数据洞察,体验观察,研究流程,社科研究方法论,极强求知欲望
国内电商运营,策划执行,领导力,服务意识足,与人沟通,极富团队合作精神,高度额责任心,抗压性,,,
投资助理,股票投资,市场未来热点,行业趋势,思维敏捷,自控力,投资理财,自制力,国内外资本市场,口头表达,产品运作方式
财务专员,财务管理工作,财务软件,公司会计核算,财务会计知识,处理流程性事务,金蝶财务软件,财务工作,excel函,风险防范意识,各项会计政策
投资分析师,财务分析基础,意愿深耕投资事业,wind,生物医药,书面文字表达,行业研究,金融素养基本功,分析研究,信息搜集,数据处理功底
质量管理储备,excel各项功能,解决问题的意识,,,,,,,,
机修工,各类机电设备工作原理,化办公软件,基础理论知识,电气自动化,机械设备,,,,,
电气工程师,电子电气元件,电气设计规范,电路知识,电气绘图软件,常规办公软件,国内外主流变频器,电气系统供电规,低压配电,二次元产品,伺服驱动器
投资经理,证券从业资,行业研究,研究分析,正直善良,投资知识,印刷品设计需求,股权投资运作流程,勤奋踏实,可转债,平面设计技
护士,护士执业资格证,采血心电图,职业道德素质,亲和؜力,普通话标准,温暖大方,工作负责,化办公软件,高度额责任心,学上进心
市场顾问,口齿清晰,性格坚韧,普通话标准,承压力,事业心,高度额责任心,,,,
网络客服,淘宝规则,平台后台客服操作流程,退换流程,平台交易流程,给客户留,头脑清晰,洞察客户需求,电脑打字,亲和؜力,服务意识足
网络销售,市场观察力,捕捉客户需求点,沟通好,渠道运作,互联网络,网络通,四川旅游目,营销管理,沟通表达理,引导客户购买产品
工业设计,平面软件,概念的表达,设计分析,视觉表达,设计相关软件,敢于打破常规,竞品调研,人机交互设计,illustrator,手绘板绘制
网站编辑,利用搜索引擎检索,组织信息,文字编辑,准确发掘,逻辑思考力,高度额责任心,乐于接受挑战,数据变化敏感度,极富团队合作精神,
托管老师,数学知识,普通话标准,沟通表达理,高度额责任心,学科教师资格证,,,,,
研究员助理,宏观微观,资讯终端,wind,python程序,主流公链的生态4,英文沟通,中英文阅读,数学建模,java语言,sas
楼层经理,,,,,,,,,,
建筑设计师,建筑设计基本的软件,建筑设计模型的辅助研究,设计思维,revit,设计功底,竞争意识,谈判技巧,创新意识,沟综合素质,解决问题的意识
文员,excel函,化办公软件,沟通反馈意识,办公室行政工作流程,offic办公软件,正形象气质,文字编辑,公文写作格式,人际洞察力,奇装异服
企业管理咨询,数据资料收集,逻辑思考力,极富团队合作精神,,,,,,,
客户主任,excel函,文案撰写,业务流程,发散性思维,思维灵活,文字功底,word文档,ppt操作,态度端正,思维逻辑性
乘务员,170cm,160cm,身材好,三观正,60cm,显伤疤,女160cm,沟综合素质,无慢性疾病,语言表达
设备维修,职业操,职业道德,化办公软件,高度额责任心,自动化测,团队精神6,,,,
服装搭配助理,亲和؜力,执行力,审美力,高度额责任心,穿搭风格,,,,,
PHP,数据结构,php,java语言,redis,git操作,mysql数据库,分布式系统设计,软件开发过程,代码习惯,web业务开发
控制算法工程师,c++,车辆运动学理论,pid,现代控制理论,mpc,工程化方法,控制理论,linux开发,数学基础,数字信号处理
海外游戏运营,卡牌类手游,afk,网络游戏,英文读写,协作沟通,游戏运营有浓厚兴趣,高敏感度,组织计划性,责任感6,极富团队合作精神
企划管培生,,,,,,,,,,
增值服务,企图心,头脑灵活,整合内外部资源,,,,,,,
审计专员,沉稳独立,风险分析,宏观思维,沟通表达理,offic办公软件,抗压性,与人沟通,英文书面,思维敏捷,快速适应
行业分析师,英文期刊论文,研究分析,独立分析解决问题,执行力,职业目标,极富团队合作精神,工作主动性,,,
质量管理管培生,组织管理,服务意识足,领导力,极富团队合作精神,,,,,,
热设计工程师,结构设计的工具,学上进心,团队精神6,抗压性,,,,,,
空调工,沟通表达理,服务意识足,高度额责任心,,,,,,,
体系工程师,汽车构造,excel函,思维灵活,化办公软件,语言表达,汽车原理,word文档,ppt操作,抗压性,承压力
网络/信息安全,tcp,wifi,路由器的配置,电话交换机,网络设备,表达沟通,爱岗敬业,极富团队合作精神,高度额责任心,
电商客服,基础护肤化妆知识,电商平台规则,天猫平台规则,热衷网购,电商零售业,服装行业电子商务运营模式,网络平台,服务意识足,希伯来语,客户沟通技巧
客户经理,敬业务实,证券从业资,强烈成功欲望,勤奋努力,亲和؜力,excel函,进取心,游戏运营有浓厚兴趣,用户服务意识,抗压性
会展活动执行,课程学习成绩,抗压性,化办公软件,获取外语等级证书,,,,,,
内容编辑,行业发展,教学原理,课程设计,制作软件,文字功底,逻辑思考力,服务精神,抗压性,ppt操作,乐观积极
舞蹈老师,,,,,,,,,,
学术顾问,工作负责,服务意识足,高度额责任心,,,,,,,
工程储备,高度额责任心,团队精神6,沟通表达理,,,,,,,
物流管理,excel函,事业心,进取心,外语听说读写,医药物流,物流专业3,逻辑思考力,物流的基础流程,高度额责任心,主动沟通意识
python,python程序,数据结构,c++,java语言,网络协议,算法基础,机器学习,开发语言,web开发相关技术,数学统计知识
框架开发工程师,数据结构,加密算法,复杂的算法,c++,caffe,,,,,
互联网运营,基金公司营销策划,热爱市场开发,会计师,陌生人打交道,金融产品,电子商务业务销售技巧,进取心,思维敏捷,逻辑思考力,高度额责任心
战略分析岗,高度额责任心,,,,,,,,,
审计管理,社会实践经验,沟综合素质,财务知识,自驱力,风控管理,文字功底,解决问题的意识,逻辑思考力,创新意思,自驱动力
信用分析师,信用政策,特殊券种交易,财务分析,工作节奏,行业用语,抗压性,高度额责任心,,,
金融实习生,语言沟通,独立分析,极富团队合作精神,解决问题的意识,,,,,,
产业研究,医药信息收集,公司投融资,创新药,公司研究框架,外语听说读写,听说读写,商业逻辑思维,文字功底,主动沟通意识,服务意识足
质检员,问题解决,高度额责任心,,,,,,,,
在线客服,普通话标准,服务意识足,亲和؜力,高度额责任心,沟通表达理,抗压性,极富团队合作精神,挖掘客户需求,,
销售工程师,自驱力极,市场分析,英语写作,图像处理,问题分析,抗压性,微生物,人际交往,服务意识足,沟通表达理
AE客户执行,广告营销,审美水准,诚实靠谱,服务意识足,细致耐心,offic办公软件,工作态度,高度额责任心,极富团队合作精神,
英文学术期刊助理编辑,英语四级通,offic办公软件,营养学,生物工程,理论物理,遗传学知识,材料科学,,,
项目导师,电子系统设计,传感器系统设计,嵌入式系统设计,非51单片机系统开发语言,电子模块,英语书面,python程序,机器学习,creo,多传感器标
游泳教练,救生员证书,陆地救生技术,人际交往,领导力,亲和؜力,责任感6,职业素养,,,
科研顾问,自觉性高,逻辑思考力,服务意识足,高度额责任心,抗压性,,,,,
客户服务管培生,服务意识足,分析问题,沟通表达理,解决问题的意识,高度额责任心,团队精神6,,,,
物流工程师,逻辑思考力,抗压性,,,,,,,,
行政管理,个人习惯,正形象气质,沟通表达流畅,文字编写,制造型企业行政管理知识,168cm,人际关系敏感度,offic办公软件,综合素养,语言沟通
软件顾问,各类交易规则,用户服务意识,沟通表达理,目标敏感,从业资格考试,抗压性,,,,
QT开发工程师,图形化软件,windows,声卡芯片,tcp,国产芯片,国产操作系统,化办公软件,统服务程序,,
人工智能芯片软件工程师,c++,linux操作命令4,深度神经网络模型,caffe,,,,,,
活动运营,营销传播意识,游戏运营的各种情况,活动统筹执,文笔较为出众,论坛管理,嗅觉敏锐,团队配合意识,文案功底,文案基础,文字编辑
证券交易员,抗压性,,,,,,,,,
财务助理,excel函,财务软件,职业操,银行结算业务,1年以上工作经验,税务法规,操作系统的基础知识,独立学习,财税政策,结算报销
分析师助理,产品运营,移动营销,市场分析,合作性,英文书面,逻辑思考力,书面表达,化办公软件,,
金融科技管培生,精力充沛,适应经常外出访客,营销网络,销售成本控管经验,身心健康,市场分析,进取心,开拓精神,职业道德操守,抗压性
质量体系管理,业务流程,工厂管理,成本管理,抗压性,质量管理,,,,,
电源测试,硬件电路,电源测试的各类仪器,,,,,,,,
数字化运营管理岗,组织沟通,职业操,高度额责任心,,,,,,,
销售客服,反映敏捷,交际技巧,普通话标准,亲和؜力,市场分析,服务意识足,offic办公软件,抗压性,用户服务意识,excel
产品经理,axcure,逻辑思考力,excel函,互联网产品,产品设计,执行力,逻辑性,同理心,数据变化敏感度,数据结构
经营管理管培生,数据变化敏感度,商务沟通,高度额责任心,,,,,,,
客户助理,文案写作功底,策略思维,创意策划,发散性思维,无论口语,洞察力,英文功底,offic办公软件,课程学习成绩,极富团队合作精神
交互设计师,服务设计意识,移动端用户体验,设计知识,图标设计,行业视野,figma,用户体验原则,交互设计方法,用户体验地图方法,热衷于产品设计
分析研究员,药物分析,溶出仪,药物制剂理论,机化学,细胞培养操作经验,分析化学,紫外分光光度仪,流式细胞仪,高效液相,常用检验仪器设备
商业咨询顾问,,,,,,,,,,
深度学习算法工程师,c++,caffe,python程序,机器学习,机器学习基础,英语听力,目标检测算法,算法实现,面向对象方法,机器学习基本概念
机器人运营,内容敏捷度,管理思维,ppt操作,文字功底,服务意识足,产品思维,学上进心,excel函,逻辑思考力,
软件实施管培生,学生会干部,社团干部经验,,,,,,,,
资产配置研究,合作协调沟通,python程序,数据变化敏感度,抗压性,高度额责任心,极富团队合作精神,,,,
财务出纳,职业资格证书,结算报销,化办公软件,使命感,高度额责任心,责任感6,服务意识足,财务软件,职业道德水平,微软标准办公软件
量化分析师,自驱性,statsmodels,python程序,numpy,优化策略,数字敏感性,pandas,linux操作系统,数理基础,团队意识
金融理财管培生,学习的意识,谈判技巧,,,,,,,,
注册工程师,听说读写,英语四级通,抗压性,逻辑思考力,高度额责任心,极富团队合作精神,,,,
运维技术员,linux操作系统,高度额责任心,,,,,,,,
电源工程师,各类磁耦合式电源变换拓扑,桥式电路,铁氧体,超微晶,电源专业知识,软磁材料特性,失效分析,电磁材料的选型,技术热情,电力电子技术基础
物联网,负责客户开发,代码质量意识,go语言,沟通协作,承压力,事业心,问题分析,学上进心,英语口语,主动性
接诊医生,眼科疾病发病机理,法律法规,诊疗常规,,,,,,,
推广管理岗,推广活动流程,发现时下热点,excel函,责任感6,英语四级通,沟通表达理,ppt操作,平面设计技,,
售前客服,引导客户,文字基础,敢于挑战,态度谦,offic办公软件,抗压性,word文档,高度额责任心,语言表达,
客户主管,执行力,服务意识足,学上进心,抗压性,,,,,,
市场编辑,开拓意识,适应力,英语6级,,,,,,,
英语教师,英语发音标,翻译证书,英文思维,专四良好,标准普通话,专八合格证书,亲和؜力,雅思6,口语流,专业形象
绘画老师,上才艺资格证书,,,,,,,,,
暖通工程师,常规办公软件,暖通空调系统,参数计算,主流操作系统基本,系统设计,revit,数据处理功底,创新意识,品德优良,文字撰写功底
工程管培生,excel函,数字敏感性,团队意识,ppt操作,人际关系敏感度,化办公软件,组织协调力,沟通表达理,,
项目管理,excel函,offic办公软件,化办公软件,执行力,工作流,项目管理理论,游戏经历,项目管理技能,文档编辑,项目管理知识体系
视觉算法工程师,c++,python程序,数据结构,常用算法,caffe,图像检测,经典图像处理算法,算法基础,图像处理算法,计算机理论基础
产品变现,数据变化敏感度,解决问题的意识,责任感6,执行力,,,,,,
教育运营,mg动画视频的制作,抓重点,新媒体运营工作经验,前期策划,分镜设计,视觉和动效的表现,沟通表达理,思路清晰文笔,探索精神,高度额责任心
数据分析管培生,搭建公式,数据仓库理论,图形硬件架构,数组公式,spark,数据架构,分析背景,型关系型数据库,数据变化敏感度,应用函数
风控策略,风险管理业务,策略制定,量化分析,python程序,sas,数字敏感性,适应力,逻辑思考力,沟通表达理,执行力
财务核算,公文写作功底,财税专业知识,offic办公软件,思维逻辑性,谦虚谨慎,英语四级通,为人诚信,工作态度,听说读写,自驱动力
政策分析师,,,,,,,,,,
注塑工程师,英文书写,处事灵活度,沟通表达理,解决问题的意识,组织协调力,极富团队合作精神,,,,
木工,有限元弹塑性理论,abaqus,c++,团队精神6,,,,,,
电子工程师,智能驾驶,基本硬件电路设计,基于单片机,常规设计,条理性思维,电力电子变换器硬件拓扑,前沿拓扑研究,硬件电路设计,谐波治理,失效分析
网络推广,普通话标准,口齿清晰,头脑灵活,反映敏捷,,,,,,
物流客服,,,,,,,,,,
影视策划,影视理论,文字功底,镜头感觉,,,,,,,
客户专员,行业类产品传播,媒介市场行情,excel函,新媒体运营工作经验,英文听说,视频混剪,逻辑达人,文案撰写,化办公软件,ppt操作
美工,美术功底,版式设计,店铺装修,发散性思维,产品拍摄,视觉元素,c4d,后台操作,期往设计,premiere
策划编辑,图书策划方案,团结合作,儿童图书市场,科学类童书,营销文案的写作,选品眼光,跨部门合作,非虚构写作,将压力转化为动力,读书多
幼教,硬笔教学方法,学科教师资格证,珠心算教师资格证书,普通话标准,亲和؜力,创新意识,爱岗敬业,服务意识足,为人诚信,沟通交互
计算机老师,沟通表达理,高度额责任心,,,,,,,,
软装设计师,室内设计风格,设计功底,ppt操作,执行力,抗压性,,,,,
售后技术顾问,位要求的各种工具,客户沟通,普通话标准,用户服务意识,工作责任心,沟通表达理,抗压性,听说读写,网络工程师证书,
运营支持,团结合作意识,主动进取精神,研究分析,他资格条件,新鲜事务,组织协调力,口头表达,高度额责任心,沟通表达理,职业道德操守
视频算法工程师,组织质量评估,画质增,模式识别,图像处理,视频分析,c++,算法基础,python程序,进取心,高度额责任心
京东运营,详情页策划,链接优化,,,,,,,,
金融研究员,证券投资,证券市场,逻辑思考力,极富团队合作精神,,,,,,
财务储备,财务软件,财务税务理论知识,经济法,excel各项功能,会计专业知识,化办公软件,办公通讯设备,独立学习,文字功底,高度额责任心
基金分析师,,,,,,,,,,
网络营销,需学习力,18周岁-25周岁,网络平台,1年以上工作经验,服从公司管理,接受上级工作指导,高度认同公司企业文化,各项制度要求,勇于挑战固,人际交往
销售助理,excel函,普通话标准,亲和؜力,招投标项目流程,化办公软件,写方案,办公软件word,word文档,公司内部项目流程,目标性
影视发行,独立采购经验,版权方资源,独立管理,,,,,,,
平面设计,美术功底,平面设计技,平面设计用软件,illustrator,美术基础,活动影像拍摄,excel函,c4d,手绘板绘制,设计软件
编辑助理,eg:excel,电脑操作即,文字编辑功底,新闻敏感度,开拓意识,化办公软件,英文读写,ppt操作,适应力,抗压性
语文教师,分析总结,普通话标准,高度额责任心,观察力,团队意识,抗压性,合作意识,学科知识功底,,
房产经纪管培生,自驱力,进取心,,,,,,,,
售前顾问,计算机基本操作,offic办公软件,语言表达,亲和؜力,沟通表达理,逻辑思考力,自驱力,抗压性,沟通交互,执行力
WCS开发工程师,极富团队合作精神,,,,,,,,,
搜索算法工程师,nlp,模型算法,java语言,edding,算法基础,命名实体识,文本匹配,python程序,c++,linux操作命令4
客户端运营,翻译资格证书,客户端推广工作流程,,,,,,,,
金融专员,职业道德,进取心,高度额责任心,极富团队合作精神,执行力,,,,,
财务审计管培生,敏感性,,,,,,,,,
装配工程师,装配图纸,维护保养,电子产品系统性装配,测试工具,电气设计图纸,机械装配规范,处理问题,高度额责任心,装配顺序,机械装配工具
光学工程师,zemax,tracepro,光纤光栅,相机成像原理,codev,光学设计软件,光学理论,色度学,光束匀化,光学分析器件
视频工程师,c++开发经验,c1证,17标准,ffmpeg,高度额责任心,linux环境,,,,
临床医生,高度额责任心,,,,,,,,,
物资管理,,,,,,,,,,
信用卡客服,高度额责任心,稳定性,,,,,,,,
销售经理,基本素质,笔记本,期在俄语地区驻外,媒介市场行情,产品功能,行业业务,形成解决方案,政府采购,市场开发,客户资源和客户关系
人像修图师,修图流程,责任感6,注重效率,,,,,,,
医学编辑,生物医学相关实验技术,网络内容的传播特性,文字功底,执行力,抗压性,结构公差分析,,,,
早教老师,普通话标准,亲和؜力,表现力,抗压性,感染力,高度额责任心,英语口语,,,
汽车技术教师,科目知识点,,,,,,,,,
数据分析顾问,sas,机器学习算法,python程序,决策力,表达沟通,逻辑思考力,解决问题的意识,,,
调饮师,高度额责任心,服务意识足,,,,,,,,
web全栈工程师,前后端主流框架,浏览器端,网络基本知识,linux操作命令4,模拟开发环境,,,,,
图像处理算法工程师,图像处理专业知识基础,图像处理算法,c++,图像算法软件开发,线性代数,英语阅读,图像处理,统计学,三维图像可视化算法,目标意识
产品销售,用户服务意识,亲和؜力,语言表达,团队意识,车辆驾驶证,口腔医疗行业,,,,
课程运营,高度额责任心,语言表达,沟通表达理,学上进心,,,,,,
游戏服务器工程师,java语言,c++,数据结构,网络通讯协议的原理,使用方式,线程安全,redis,游戏常识,,
金融助理,反映敏捷,交际技巧,亲和؜力,市场分析,用户服务意识,高度额责任心,极富团队合作精神,,,
财务经理,,,,,,,,,,
FA分析师,工作习惯,责任感6,自驱动力,抗压性,极富团队合作精神,,,,,
制造工程师,校内外活动,实践经历,catia,结构原理,敏锐进取,荧光显微镜操作,java语言,创新求变,halcon,光学材料
机器人工程师,c++,java语言,数据结构,全局路径规划算法,编码习惯,感知算法,英语阅读,含机器学习,,
麻醉医生,麻醉诊断学常见,服务意识足,麻醉资格证,,,,,,,
需求分析,excel函,axcure,广告监测,需求分析工作,springcloud,java语言,冲突管理,基础工具,定量定性分析,软件工程
小米客服,认知水平,极富团队合作精神,承压力,高度额责任心,,,,,,
渠道销售管培生,法律专业知识,敢挑战,懂得感恩,正直诚信,懂得牺牲,抗压性,化办公软件,沟通表达理,极富团队合作精神,自驱动力
设计专员,活动制定,对公共关系维系,文案策划功底,善创变,沟通协作,客户投诉处理,文字功底,创作性思,能死磕,
中学科学实验员,学科教师资格证,化办公软件,,,,,,,,
施工员,法律专业知识,组织协调力,高度额责任心,学上进心,极富团队合作精神,,,,,
投资者关系咨询顾问,国内外资本市场,行业研究,人际交往,,,,,,,
食品检测,食品检测化验,,,,,,,,,
服务器开发,数据结构,c++,java语言,tcp,golang语言,windows,算法知识,redis,erlang,数据库设计
推荐算法工程师,python程序,java语言,机器学习,数据结构,spark,编码量,c++,word2vec,算法基础,加密算法
产品测试,研发基本流程,嵌入式产品测试相关标准,功能测试,测试方法,界面测试,原则性,实验测试仪器设备,linux系统,爱岗敬业,团队意识
运营管理管培生,研究分析,财务敏锐度,积极乐观开朗,处理管理,逻辑思考力,数据处理功底,创新意思,文案功底,,
财务融资,excel函,,,,,,,,,
研究分析师,研究基本方法论,解决问题的意识,主动性,,,,,,,
电气设计,excel函,储能微网系统,电力系统,行业设计规范,各种测量传感器,电气接线,英语书面,移压力流,电气控制柜设计,offic办公软件
钳工,直线导轨,钳工初级等级证书,滚珠丝杆,端子模具维修经验,调试方法,机械装配用工,机械结构,多传感器标,头脑灵活,团队精神6
技术传播工程师,自驱动力,英语口语,书面表达,,,,,,,
外贸客服,,,,,,,,,,
商务管培生,社会实践经历,管理方向发展,脚踏实地,领导力,清晰的职业规划,工作积极主动,主席经验,学生会干部,职业目标,事业进取心
主播,临场发挥,表现欲,正形象气质,与粉丝聊天互动,效沟通技巧,表现力,临场思维敏捷，转换快,语言表达,普通话标准,推销产品
视觉设计,审美力,手绘板绘制,illustrator,美术功底,质感表现,视觉创意设计,排版布局,字体设计技能,视觉设计,设计要点
产品编辑,执行力,,,,,,,,,
助教,学科教师资格证,客户的学习,办公室自动化,英翻中,学生管理沟通,服务意识足,民族舞,工作激情,沟通表达理,学习新事物
餐厅经理,处事成熟度,效沟通技巧,必胜客,计算机操作,责任感6,,,,,
系统算法工程师,信号处理,点云预处理,c++,接受挑战,抗压性,极富团队合作精神,,,,
产品研究,技能基础,临床试验经验,严谨的科研思维,创造性思维,爱岗敬业,团队意识,工作态度,英文读写,,
跨境电商运营,文案到后期维护,形成客户口碑,读写流,客户复购率,法语语言,instagram,库存数据,发散性思维,库存周转率,公众号运营
金融渠道经理,,,,,,,,,,
医药分析师,专利分析,中英文阅读,文献检索,,,,,,,
游戏客服,英语读写流畅,服务意识足,计算机操作,普通话标准,excel函,亲和؜力,化办公软件,抗压性,word文档,沟通表达理
客户销售,市场营销,大客户管理,攫取欲望,物流行业基础营运流程,人际交往,问题诊断,谈判技巧,分析力,销售目标感,信息网络安全的理念
特效设计,手绘板绘制,美术功底,现主流的特效制作软件,动画功底,主流的特效制作软件,二次元产品,设计功底,动画原理,镜头感觉,视觉特效原理
游戏编辑,敏感的网感,语言表达,文字功底,抗压性,,,,,,
法语老师,法语国家文化,,,,,,,,,
心理咨询顾问,高度额责任心,极富团队合作精神,,,,,,,,
架构师,计算机网络应用开发的基本架构,大流量系统的设计,多线程处理,分布式,数字芯片综合,编码量,springcloud,芯片设计基本知识,型关系型数据库,处理器指令集
语音算法工程师,声学理论,c++,信号处理基础,数据结构,声纹识别,声学前端处理算法,语音唤醒,系统性的理解,算法基础,命令词识
流量运营,流量转化思路,用户服务意识,自驱动力,,,,,,,
金融产品,逻辑条理,,,,,,,,,
宏观分析师,英文读写流畅,宏观经济,口头表达,逻辑思考力,抗压性,责任感6,沟通表达理,极富团队合作精神,,
模拟版图工程师,模拟版图设计流程,模拟注意事项,法律专业知识,synopsys,mentor,excel函,理解力,沟通表达理,ppt操作,word文档
生物分析,灭菌柜,生物分析,微生物相关设备,检测仪器,凝胶成像系统,分析常用微生物仪器,分子鉴定,高度额责任心,无菌制剂生产工艺,细胞培养操作经验
营运管理,工程类知识储备,语言沟通,文字功底,报告撰写,解决问题的意识,excel函,逻辑思考力,英语四级通,经营意识,沟通协同
客服代表,极富团队合作精神,化办公软件,,,,,,,,
销售实习生,强烈成功欲望,当地医疗资源,150cm,交流技巧,抗压性,语言组织,销售意识,正形象气质,客户意识,普通话标准
德语老师,德国文化,德语专八,学科教师资格证,亲和؜力,,,,,,
脚本开发,计算机网络应用层协议,lua,项目合作沟通意识,抗压性,,,,,,
云台控制工程师,算算法e,多刚体系统建模,鲁棒控制,系统辨识,数理基础,c++,姿态融合,四元数,,
产品设计,在校成绩良好,excel函,互联网快速迭代开发的模式,3d动画制作,产品项目管理相关工具,软件需求分析,catia,设计思维,结合用户需求设计开发产品,铸铁类产品开发流程
金融项目,报告撰写,工作负责,抗压性,,,,,,,
策略分析师,衍生品研究基础,数理分析功底,excel函,中英文读写,口头表达,高敏感度,快速适应,ppt操作,逻辑思考力,抗压性
游戏商务,互联网广告市场,移动网盟,美术风格,游戏研发项目特点,客户管理意识,组织协调力,团队协作意识,理解力,分析问题,逻辑思考力
销售代表,销售理念,确介绍产品规格,普通话标准,区域楼盘情况,口齿清晰,性格坚韧,沟通表达理,抗感染药品,积极维护,负责客户开发
网页设计,审美力,创新精神,平面设计技,ajax,信息资料的收集,整理分析,用户体验设计,易用性,极富团队合作精神,半年以上shopee运营经验
行业研究,区块链基础架构,热门概念,信息搜集,行业研究,研究分析,学术基础好,财务知识积累,逻辑思考力,法律专业知识,英文读写
模型算法工程师,统计理论,数字图像处理,python程序,微积分,测试方法,数学基础,scipy,数值计算,c++,线性代数
智能算法工程师,java语言,深度学习的算法,学习理论,深度神经网络模型,c++,caffe,windows,机器学习,机器学习建模,python程序
内容审核,论坛管理,普通话标准,英语6级,抗压性,,,,,,
金融服务讲师,行情走势分析,语言沟通,独立分析,极富团队合作精神,解决问题的意识,,,,,
评级分析师,团队协调,研究分析,抗压性,语言表达,文字功底,,,,,
数字后端工程师,物理设计流程,synopsys,数字后端流程,emacs编辑器,primetime,数字电,vim,redhawk,virtuoso,perl一种
兽医,实验动物兽医护理知识,综合素养,专业知识,护理临床,爱护动物,资质认证,普通话标准,兽医体系知识,组织协调力,猪场生物安全体系
游戏推广,文字沟通,互动交流,热点新闻,手机游戏,身心健康,数据变化敏感度,分析总结,新鲜事物有感觉,产品团队,逻辑思考力
售前工程师,软件系统,组织架构,通信网络技术,计算机网络,形成解决方案,文字功底,交流技能,方案制作,企业信息化软件,基本功扎实
线上销售,文艺特长,人际理解,创新意识,文案撰写,乐观积极,数据处理功底,市场拓展素质,极富团队合作精神,客户意识,销售工作充满热情
媒体监测,化办公软件,基本摄影技巧,,,,,,,,
系统策划,玩家心理,清晰规划设计架构,游戏经历丰富,主流手机游戏,用户体验细节,游戏玩家心理,严谨的逻辑思维,slg游戏,slg,总结游戏规则
英文顾问,拓展海外市场,职业素质,维护国外客户,学习力,负责与国外客户的联系,执行力,高度额责任心,极富团队合作精神,,
智驱软件工程师,算法模型,模拟软件,,,,,,,,
产品工程师,usb,工控机,uart,电话交换机,工业相机,spi,汽车结构,芯片制造工艺特别是光刻工艺,模具开发,产品开发项目流程
内容运营,宏观思维,影视行业,对海外股票市场有浓厚的兴趣,影视阅片,信息流产品,驾驭各种文风,文字功底,视频剪辑意识,内容运营方法,小红书
金融咨询顾问,新鲜事务,快速适应,分析解决问题,沟通表达理,责任感6,,,,,
质量分析师,团队协调,抗压性,语言表达,文字功底,,,,,,
外科医生,学上进心,高度额责任心,住院部病人管理,,,,,,,
用户体验设计,审美水准,功能分析,交互规划,用户研究常见方法,信赖性,花型设计,,,,
运营顾问,执行力,自驱动力,offic办公软件,,,,,,,
全栈工程师,java语言,react技术栈,计算机专业知识,c++,工程化思想,python程序,数据机构,主流前端框架,思路清晰文笔,中英文阅读
国际产品专员,英语四级通,适应出差,,,,,,,,
拼多多运营,拼多多规则,各种软件工具,后台运营工作,思维逻辑性,团队意识,理解力,,,,
金融科技,机器学习建模,统计基础,统计建模,设计模式,python程序,sas,springcloud,编码习惯,业务规划,linux系统
战略分析师,,,,,,,,,,
天线工程师,电磁仿真软件,微波电磁场,电磁场电磁波技术,天线设计,微波工程,天线设计理论,波束合成控制,电磁场原理,硬件电路,微波电路
游戏营销,,,,,,,,,,
保险销售,,,,,,,,,,
工程管理,思维灵活,知识储备,出差•较强的逻辑,excel函,专业证书,乐观开朗,offic办公软件,服务流程,工程项目实施过程,道德品质
战略咨询,事业心,人际交往,责任感6,极富团队合作精神,,,,,,
视频开发,c++,计算机基础,计算机理论,ffmpeg,windows,android,钻研精神,流媒体协议,快速适应,主流操作系统基本
产品讲师,沟通表达理,亲和؜力,逻辑思考力,语言表达,英语阅读,抗压性,,,,
品类运营,产品or运营经验,阅读平台运营经验,责任感6,,,,,,,
金融工程,较为完善的量化投资体系,各类量化投资策略,基金公司,python程序,思维灵活,优化求解,c++,数学建模,抗压性,高度额责任心
MDD分析师,,,,,,,,,,
营销助理,电商运营思维,客户合同管理,品德优良,研究分析,英语邮件往来,数据导向,英文读写,积极创新,交际技巧,化办公软件
采购工程师,excel函,采购数据,付款方式,实习经验,三年以上,交货日期,英语4级,参与过项目采购,市场动向,英语四级通
原画师,sai,美术基础,造型功底,美术功底,手绘板绘制,审美力,超写实风格,儿插风格,次时代,古代服饰
证券咨询顾问,普通话标准,语言表达,目标敏感,抗压性,,,,,,
自动驾驶算法工程师,c++,数据结构,python程序,算法复现,ros,三维视觉与点云处理,计算机理论功底,车辆运动学理论,机器学习,加密算法
产品行销经理,党团干部,接受新事物的意识,学生会干部,乐于接受挑战,人际交往,社会实践经验,,,,
区域经理,社交感,团队精神6,抗压性,,,,,,,
CDD分析师,excel函,ppt操作,,,,,,,,
眼科医生,眼科理论知识,配镜经验,服务意识足,积极主动,offic办公软件,,,,,
品牌营销,上推广方式,社交媒体,流量规则,投放方式,文案写作,符合中欧基金,市场开拓,审美力,商务谈判,文风通俗易懂趣味性
销售管培生,社会实践经历,工作积极主动,领导力,号召力,学生会干部,问题诊断,清晰的职业规划,管理方向发展,产品功能,时尚市场洞察力
系统工程师,c++,python程序,allegro,linux操作系统,java语言,tcp,医用超声换能器开发经验,网络通,系统硬件电路,计算机基础理论知识
渠道运营,沟通协同,课程学习成绩,外语沟通,ppt操作,文字功底,出发思考,调动资源实现目标,offic办公软件,语言表达,整合内外部资源
芯片测试工程师,电子线路,uart,硬件设计,java语言,c++,芯片自动化测试流程,硬件需求,嵌入式处理,模电/数电基础,python程序
助理咨询顾问,linux操作命令4,结构化,c++,快速适应,英文写作,系统性,分析解决问题,沟通表达理,合作性,抗压性
商家运营,创造力,想象力,目标敏感,抗压性,系统分析,逻辑思考力,稳定性,,,
芯片研发工程师,,,,,,,,,,
融资顾问,口齿清晰,普通话标准,化办公软件,承压力,挖掘客户的潜力,积极主动,人际交往,事业心,极富团队合作精神,自信乐观
引擎开发,c++,图形学库,实际产品,现代游戏引擎架构,数学基础,数据结构,java语言,抽象思维,善于分析,python程序
商务运营,办公软件工具,内外部沟通,敏感性,推动性,excel,执行力,高度额责任心,抗压性,,
质量管理工程师,自律力,职业道德,课程学习成绩,自驱力,抗压性,工作责任心,团队建设,极富团队合作精神,化办公软件,高度额责任心
质量管培生,适应力,品德端正,学生会干部,思考方式,极强求知欲望,执行力,逻辑化,团队意识,创新意识,抗压性
视频设计,审美力,视觉设计,视频技能,发散性思维,美术功底,设计审美,相机动画,adobe,视频的镜头,3d动画制作
项目实施顾问,口头表达,excel函,ppt操作,word文档,高度额责任心,,,,,
游戏研发工程师,数据结构,热衷于算法,计算机理论知识,专业课成绩,计算机基础扎实,typescript语法5,c++,java语言,操作系统,基本算法
社交媒体运营,沟通协作,英语四级通,接受新事物的意识,英文书面,语言表达,抗压性,极富团队合作精神,自驱动力,,
设计助理,景观工程设计绘图,审美力,视觉设计,植物生活习性,素描手绘美术基础,植物病虫害知识,认真肯干,学习态度,沟通学习,视觉创意
技术顾问,excel函,access,c++,python程序,word文档,学习过程序开发语,水平2021,英语四级通,与人沟通,解决问题的意识
社区运营,贴吧吧主,亲和؜力,社区运营模式,论坛管理,高敏感度,整合内外部资源,喜次挑战,英语阅读,excel函,同理心
美术设计,sai,多种三维,平面设计用软件,美术功底,造型表现力,手绘板绘制,三维设计开发软件,美术类开发软件,独立审美,空间感
法务顾问,抗压性,积极主动,,,,,,,,
生产运营工程师,,,,,,,,,,
ICT顾问,信息安全管理,云安全,隐私保护,业务连,业务连续性管理,,,,,
视频运营,短视频运营,声音剪辑处理,创作热情,抖音平台的运营模式,剪映剪辑,推广规则,挖掘话题,讲奉献,视频把控力,用户调性
软件实施顾问,与人交流,,,,,,,,,
售后运营,高度额责任心,,,,,,,,,
运营实施顾问,英文功底,自驱力,学习力,高度额责任心,逻辑思考力,我们希望,,,,
策略运营,产品or运营经验,产品转化逻辑,活动策划&组织经验,从用户逻辑,文案撰写,投资经验,英文读写,团队配合意识,用户同理心,洞察力
客户服务顾问,普通话标准,高度额责任心,服务意识足,,,,,,,
数据运营工程师,excel函,access,临床医学基础,python程序,细胞学的诊断,数据分析工具,宫颈细,linux操作系统,沟通表达理,
数字化运营,主动沟通意识,服务意识足,高度额责任心,逻辑条理,分析解决问题,,,,,
品牌策略顾问,分析问题,解决问题的意识,,,,,,,,
私域运营,用户增长,运营的思路,微信聊天礼仪,excel函,视频制作,客户沟通,高度额责任心,解决问题的意识,抗压性,
速卖通运营,跨境运营工作经验,后台操作流程,分析挖掘数据,英语四级通,出发思考,目标敏感,责任感6,高度额责任心,团队精神6,自驱动力
服务顾问助理,化办公软件,语言表达,,,,,,,,
数据实施顾问,领导力,理解力,逻辑思考力,执行力,极富团队合作精神,高度额责任心,文档撰写,,,
天猫运营,快速成交客户,售后客服流程,京东天猫运营模式,平台活动规则,网络购物流程,学习性,excel函,数字敏感性,学上进心,高度额责任心
网站运营,思想成熟,宏观思维,网络维护,搜索引擎排名规律,文字功底,化办公软件,逻辑思考力,技术特征,自驱动力,抗压性
微信运营,,,,,,,,,,
咨询顾问,愿意在事务所行业继续学习,分析研究,市场开拓,execl,化办公软件,ppt操作,excel函,通过司法考试,word文档,思路方法
宣传运营,抗压性,正形象气质,文字功底,事业心,沟通表达理,高度额责任心,学习的意识,,,
亚马逊运营,平台各项政策,平台相关政策,平台运营环境,商品管理经验,亚马逊平台规则与政策,店铺产品链接的日常运营,平台规则,推广工作,1年以上工作经验,英语四级通
用户运营,用户运营,excel函,产品运营工作经验,用户分层,互联网事物高度敏感,youtube,行业数据,各类推广运营手段,竞品知识,instagram
游戏运营,rpg,游戏中各类术语含义,游戏系统,数据分析报,用户运营模式,游戏玩法,游戏经验,逻辑推理,游戏业务付费用户心理,美术风格
园区运营,负责任,团队精神6,,,,,,,,
运营拓展,互帮互助精神,共同进步,谦虚谨慎,市场拓展素质,学上进心,工作积极性,,,,
战略运营,目标驱动感,,,,,,,,,
知乎运营,网络舆情环境,,,,,,,,,
直播运营,直播方式,游戏直播,珠宝行业发展趋势,业务分析,数据变化敏感度,思维敏捷,执行力,目标意识,抗压性,数据处理功底
综合运营,excel函,物业各运作流程,逻辑思考力,公文写作功底,团队协作意识,offic办公软件,服务意识足,事业心,组织协调力,进取心
服务拓展顾问,爱岗敬业,高度额责任心,极富团队合作精神,,,,,,,
商业顾问,,,,,,,,,,
招聘顾问,人力资源,招聘渠道开发,英语书写,职业道德,抗压性,自驱动力,高度额责任心,自驱力,offic办公软件,自我学习驱动
营销顾问,居安思危的人,表达沟通,三观正,积极向上,普通话标准,抗压性,正能量,口齿清晰,团队意识,
健康顾问,礼貌待客,乐观主动,中医病理,团结合作意识,清楚表达公司产品,普通话标准,服务意识足,感染力,积极主动,亲和؜力
教育顾问,亲和؜力,服务意识足,高度额责任心,,,,,,,
信息顾问,抗压性,,,,,,,,,
实施顾问,管理信息系统的知识,数字化,成就感,企业资源计划,说话思维,独立分析,逻辑思考力,察言观色,沟通表达理,屏幕录像工具
精算分析顾问,access,word文档,书面交流,ppt操作,英语口语,人际交往,,,,
招商顾问,excel函,勤奋踏实,ppt操作,抗压性,,,,,,
商务顾问,excel函,人际交往,自我激励,团队协作意识,语言表达,word文档,事业心,ppt操作,英文书写,高度额责任心
售后服务顾问,服务意识足,语言表达,持驾照1年,,,,,,,
顾问销售,,,,,,,,,,
篮球顾问,,,,,,,,,,
知识顾问,感染力,普通话标准,承压力,事业心,高度额责任心,工作态度,,,,
学习顾问,口语流,英语书面,敢追求！敢说敢做！积极,表达沟通,千人千面,爱说话,抗压性,服务意识足,乐观积极,解决问题的意识
解决方案顾问,电力系统,ppt操作,人工智能算法,大数据处理,公共动力,java语言,压缩机,暖通空调系统,文字撰写功底,客户思
客户顾问,解决问题的意识,乐于接受挑战,抗压性,团队协作意识,,,,,,
涉外顾问,物流管理,抗压性,亲和؜力,,,,,,,
医学顾问,文献检索工作,生物学基础,文化素质,持续学习,化办公软件,逻辑性,抗压性,,,
服务顾问,服务意识足,普通话标准,积极上进,计算机软件,亲和؜力,语言表达,执行力,客户沟通,高度额责任心,理解力
助理顾问,英语语言,写作水平,分析客户,责任感6,抗压性,效沟通技巧,执行力,用户服务意识,,
博士顾问,核心胜任力,表达沟通,挑战意识,解决问题的意识,ppt操作,,,,,
体验顾问,热情主动,普通话标准,举止大方得体,销售意识,服务意识足,形象好,语言表达,亲和؜力,极富团队合作精神,
备孕顾问,,,,,,,,,,
顾问管培生,线上运维经验,资源拓展整合,结果导向思维,执行力,,,,,,
形象顾问,,,,,,,,,,
交易顾问,人际沟通影响力,出发思考,工作责任心,承压力,金钱有着,,,,,
奢侈品顾问,,,,,,,,,,
业务顾问,项目全生命周期管理,excel函,项目管理理论,客户关系管理,ppt操作,沟通表达理,行业管理流程,,,
文书顾问,英语写作,化办公软件,责任感6,工作热情,,,,,,
会销顾问,发展意愿,高度额责任心,团队意识,,,,,,,
采购顾问,高度额责任心,offic办公软件,,,,,,,,
客服服务,沟通顺,电脑的基本操作,反映敏捷,服务意识足,,,,,,
